stopwordId, stopwordText, tfidf, counts, freq
apEntry[0=[Ljava.lang.Object;@23bde3a6
apEntry[1=[Ljava.lang.Object;@7639f5b4
apEntry[2=[Ljava.lang.Object;@6272bfad
apEntry[3=[Ljava.lang.Object;@43e08cdf
apEntry[4=[Ljava.lang.Object;@7c582131
apEntry[5=[Ljava.lang.Object;@5687a340
apEntry[6=[Ljava.lang.Object;@3360eb1f
apEntry[7=[Ljava.lang.Object;@43eacf4f
apEntry[8=[Ljava.lang.Object;@53af7f04
apEntry[9=[Ljava.lang.Object;@78395725
apEntry[10=[Ljava.lang.Object;@6c6dc36c
apEntry[11=[Ljava.lang.Object;@3cf87791
apEntry[12=[Ljava.lang.Object;@137175cc
apEntry[13=[Ljava.lang.Object;@4bbff10e
apEntry[14=[Ljava.lang.Object;@6f5012db
apEntry[15=[Ljava.lang.Object;@4da609a6
apEntry[16=[Ljava.lang.Object;@6b666a2c
apEntry[17=[Ljava.lang.Object;@42014f68
apEntry[18=[Ljava.lang.Object;@66af3846
apEntry[19=[Ljava.lang.Object;@34d93156
apEntry[20=[Ljava.lang.Object;@10f5979e
apEntry[21=[Ljava.lang.Object;@298d3ec6
apEntry[22=[Ljava.lang.Object;@25d67b79
apEntry[23=[Ljava.lang.Object;@2eb1de91
apEntry[24=[Ljava.lang.Object;@3b3f80fb
apEntry[25=[Ljava.lang.Object;@205fcca2
apEntry[26=[Ljava.lang.Object;@6bd44689
apEntry[27=[Ljava.lang.Object;@63a73488
apEntry[28=[Ljava.lang.Object;@5f4db9d3
apEntry[29=[Ljava.lang.Object;@12a24f6b
apEntry[30=[Ljava.lang.Object;@311875cf
apEntry[31=[Ljava.lang.Object;@421d2ef4
apEntry[32=[Ljava.lang.Object;@cc89bd3
apEntry[33=[Ljava.lang.Object;@3301208b
apEntry[34=[Ljava.lang.Object;@7912d82
apEntry[35=[Ljava.lang.Object;@23cf23cb
apEntry[36=[Ljava.lang.Object;@cbb8fa
apEntry[37=[Ljava.lang.Object;@4a337a6b
apEntry[38=[Ljava.lang.Object;@4d6a4d8a
apEntry[39=[Ljava.lang.Object;@2558d7f1
apEntry[40=[Ljava.lang.Object;@3d196ccd
apEntry[41=[Ljava.lang.Object;@6211d074
apEntry[42=[Ljava.lang.Object;@1f59e8c7
apEntry[43=[Ljava.lang.Object;@77b3984c
apEntry[44=[Ljava.lang.Object;@1ec1c8c3
apEntry[45=[Ljava.lang.Object;@3efe6f72
apEntry[46=[Ljava.lang.Object;@1029678a
apEntry[47=[Ljava.lang.Object;@2f94a89f
apEntry[48=[Ljava.lang.Object;@13bd6a8
apEntry[49=[Ljava.lang.Object;@2ba7ee50
apEntry[50=[Ljava.lang.Object;@7e1fd230
apEntry[51=[Ljava.lang.Object;@6b8cec22
apEntry[52=[Ljava.lang.Object;@3c6af3fc
apEntry[53=[Ljava.lang.Object;@38ad128c
apEntry[54=[Ljava.lang.Object;@5234c14a
apEntry[55=[Ljava.lang.Object;@718e0b2
apEntry[56=[Ljava.lang.Object;@3f363dc0
apEntry[57=[Ljava.lang.Object;@254d86c5
apEntry[58=[Ljava.lang.Object;@4936a86
apEntry[59=[Ljava.lang.Object;@97c7616
apEntry[60=[Ljava.lang.Object;@14399f27
apEntry[61=[Ljava.lang.Object;@23225f2f
apEntry[62=[Ljava.lang.Object;@4af81fa0
apEntry[63=[Ljava.lang.Object;@109b2832
apEntry[64=[Ljava.lang.Object;@b36195f
apEntry[65=[Ljava.lang.Object;@6dfb6fca
apEntry[66=[Ljava.lang.Object;@1fd2f725
apEntry[67=[Ljava.lang.Object;@4da30674
apEntry[68=[Ljava.lang.Object;@4e2e605c
apEntry[69=[Ljava.lang.Object;@659a6d08
apEntry[70=[Ljava.lang.Object;@700dce8f
apEntry[71=[Ljava.lang.Object;@225fd5ec
apEntry[72=[Ljava.lang.Object;@33e53f67
apEntry[73=[Ljava.lang.Object;@70834852
apEntry[74=[Ljava.lang.Object;@16b7fcc4
apEntry[75=[Ljava.lang.Object;@2823fcbf
apEntry[76=[Ljava.lang.Object;@125a0591
apEntry[77=[Ljava.lang.Object;@20cd69af
apEntry[78=[Ljava.lang.Object;@4d0b2d57
apEntry[79=[Ljava.lang.Object;@74c1606b
apEntry[80=[Ljava.lang.Object;@11473f0c
apEntry[81=[Ljava.lang.Object;@62925a7
apEntry[82=[Ljava.lang.Object;@3dc4b578
apEntry[83=[Ljava.lang.Object;@2dc2c58d
apEntry[84=[Ljava.lang.Object;@16f313fe
apEntry[85=[Ljava.lang.Object;@1cb6de77
apEntry[86=[Ljava.lang.Object;@3619990
apEntry[87=[Ljava.lang.Object;@36a7cd26
apEntry[88=[Ljava.lang.Object;@2c2a3ed8
apEntry[89=[Ljava.lang.Object;@7f92be5f
apEntry[90=[Ljava.lang.Object;@65ade724
apEntry[91=[Ljava.lang.Object;@5c3be743
apEntry[92=[Ljava.lang.Object;@28e759b5
apEntry[93=[Ljava.lang.Object;@13d09a24
apEntry[94=[Ljava.lang.Object;@6b8b13f3
apEntry[95=[Ljava.lang.Object;@7f7828f5
apEntry[96=[Ljava.lang.Object;@3736cd90
apEntry[97=[Ljava.lang.Object;@12820cb6
apEntry[98=[Ljava.lang.Object;@3582835a
apEntry[99=[Ljava.lang.Object;@5684bdb8
apEntry[100=[Ljava.lang.Object;@4fe4f01b
apEntry[101=[Ljava.lang.Object;@35e7abd3
apEntry[102=[Ljava.lang.Object;@5a07623a
apEntry[103=[Ljava.lang.Object;@79dec101
apEntry[104=[Ljava.lang.Object;@738b494d
apEntry[105=[Ljava.lang.Object;@7718b315
apEntry[106=[Ljava.lang.Object;@5eafa3dc
apEntry[107=[Ljava.lang.Object;@208df4d
apEntry[108=[Ljava.lang.Object;@2188cd50
apEntry[109=[Ljava.lang.Object;@60be1606
apEntry[110=[Ljava.lang.Object;@325b9c6d
apEntry[111=[Ljava.lang.Object;@4cbe802f
apEntry[112=[Ljava.lang.Object;@69769fd
apEntry[113=[Ljava.lang.Object;@314ae855
apEntry[114=[Ljava.lang.Object;@6dcc77b1
apEntry[115=[Ljava.lang.Object;@6ffe7d62
apEntry[116=[Ljava.lang.Object;@78171b32
apEntry[117=[Ljava.lang.Object;@6ca4dc63
apEntry[118=[Ljava.lang.Object;@3ceb6f6
apEntry[119=[Ljava.lang.Object;@c1f7a9a
apEntry[120=[Ljava.lang.Object;@41188d7e
apEntry[121=[Ljava.lang.Object;@679d8a1f
apEntry[122=[Ljava.lang.Object;@c76de6a
apEntry[123=[Ljava.lang.Object;@6bc7a8f7
apEntry[124=[Ljava.lang.Object;@6f6a78ce
apEntry[125=[Ljava.lang.Object;@5109f36e
apEntry[126=[Ljava.lang.Object;@13fe288d
apEntry[127=[Ljava.lang.Object;@714a1166
apEntry[128=[Ljava.lang.Object;@1798db20
apEntry[129=[Ljava.lang.Object;@42e925f8
apEntry[130=[Ljava.lang.Object;@1d18ed34
apEntry[131=[Ljava.lang.Object;@1eb89ee9
apEntry[132=[Ljava.lang.Object;@1da5a513
apEntry[133=[Ljava.lang.Object;@624f2bba
apEntry[134=[Ljava.lang.Object;@34e6f036
apEntry[135=[Ljava.lang.Object;@4b4a08d1
apEntry[136=[Ljava.lang.Object;@79ceafbf
apEntry[137=[Ljava.lang.Object;@1423d56a
apEntry[138=[Ljava.lang.Object;@2636dbe4
apEntry[139=[Ljava.lang.Object;@26e8330a
apEntry[140=[Ljava.lang.Object;@23ed5704
apEntry[141=[Ljava.lang.Object;@47711fcd
apEntry[142=[Ljava.lang.Object;@19b0eb7c
apEntry[143=[Ljava.lang.Object;@40d5cfa2
apEntry[144=[Ljava.lang.Object;@55665319
apEntry[145=[Ljava.lang.Object;@2af77ab2
apEntry[146=[Ljava.lang.Object;@2c44d111
apEntry[147=[Ljava.lang.Object;@790fe950
apEntry[148=[Ljava.lang.Object;@643eba51
apEntry[149=[Ljava.lang.Object;@4315bfb5
apEntry[150=[Ljava.lang.Object;@69b85748
apEntry[151=[Ljava.lang.Object;@5fbf7d67
apEntry[152=[Ljava.lang.Object;@67f97400
apEntry[153=[Ljava.lang.Object;@69df4399
apEntry[154=[Ljava.lang.Object;@7e83d349
apEntry[155=[Ljava.lang.Object;@1b1da8b0
apEntry[156=[Ljava.lang.Object;@7e16420c
apEntry[157=[Ljava.lang.Object;@48df6d4f
apEntry[158=[Ljava.lang.Object;@5deec75d
apEntry[159=[Ljava.lang.Object;@4870de64
apEntry[160=[Ljava.lang.Object;@3c78b1be
apEntry[161=[Ljava.lang.Object;@70fd9839
apEntry[162=[Ljava.lang.Object;@618f6a3d
apEntry[163=[Ljava.lang.Object;@18f0e8cc
apEntry[164=[Ljava.lang.Object;@30d2469
apEntry[165=[Ljava.lang.Object;@6dad14ae
apEntry[166=[Ljava.lang.Object;@3bc705eb
apEntry[167=[Ljava.lang.Object;@7e7f01e9
apEntry[168=[Ljava.lang.Object;@55bce85f
apEntry[169=[Ljava.lang.Object;@20189aeb
apEntry[170=[Ljava.lang.Object;@4acf5779
apEntry[171=[Ljava.lang.Object;@75e9ec1d
apEntry[172=[Ljava.lang.Object;@63832cde
apEntry[173=[Ljava.lang.Object;@56b2f2ee
apEntry[174=[Ljava.lang.Object;@53b2276e
apEntry[175=[Ljava.lang.Object;@40ec1ffa
apEntry[176=[Ljava.lang.Object;@750d2fd4
apEntry[177=[Ljava.lang.Object;@6e5ede2f
apEntry[178=[Ljava.lang.Object;@60a4766b
apEntry[179=[Ljava.lang.Object;@6bc94a94
apEntry[180=[Ljava.lang.Object;@7f526d21
apEntry[181=[Ljava.lang.Object;@5e68fc32
apEntry[182=[Ljava.lang.Object;@8bf2b25
apEntry[183=[Ljava.lang.Object;@6095050f
apEntry[184=[Ljava.lang.Object;@4510e33d
apEntry[185=[Ljava.lang.Object;@14dfa6f4
apEntry[186=[Ljava.lang.Object;@bd61611
apEntry[187=[Ljava.lang.Object;@3505f18c
apEntry[188=[Ljava.lang.Object;@57f74e4a
apEntry[189=[Ljava.lang.Object;@2195fbb4
apEntry[190=[Ljava.lang.Object;@519b3958
apEntry[191=[Ljava.lang.Object;@786aa145
apEntry[192=[Ljava.lang.Object;@2d946766
apEntry[193=[Ljava.lang.Object;@315ea72d
apEntry[194=[Ljava.lang.Object;@31c85338
apEntry[195=[Ljava.lang.Object;@32990476
apEntry[196=[Ljava.lang.Object;@2d09bf63
apEntry[197=[Ljava.lang.Object;@4d19a10f
apEntry[198=[Ljava.lang.Object;@6f0ca7cc
apEntry[199=[Ljava.lang.Object;@61124722
apEntry[200=[Ljava.lang.Object;@3f8fabca
apEntry[201=[Ljava.lang.Object;@465d2fcd
apEntry[202=[Ljava.lang.Object;@28e03a50
apEntry[203=[Ljava.lang.Object;@45d0285
apEntry[204=[Ljava.lang.Object;@229af9c1
apEntry[205=[Ljava.lang.Object;@6bab61ea
apEntry[206=[Ljava.lang.Object;@765aa401
apEntry[207=[Ljava.lang.Object;@161c4576
apEntry[208=[Ljava.lang.Object;@6b363c2b
apEntry[209=[Ljava.lang.Object;@119052ad
apEntry[210=[Ljava.lang.Object;@266e7213
apEntry[211=[Ljava.lang.Object;@72b23fd2
apEntry[212=[Ljava.lang.Object;@53e563de
apEntry[213=[Ljava.lang.Object;@54648b1f
apEntry[214=[Ljava.lang.Object;@257fc5c9
apEntry[215=[Ljava.lang.Object;@72b55ebf
apEntry[216=[Ljava.lang.Object;@6f904e4f
apEntry[217=[Ljava.lang.Object;@2edc6276
apEntry[218=[Ljava.lang.Object;@22b71f1c
apEntry[219=[Ljava.lang.Object;@2ae54cf9
apEntry[220=[Ljava.lang.Object;@6c84e7ed
apEntry[221=[Ljava.lang.Object;@5c1db7a9
apEntry[222=[Ljava.lang.Object;@35a47295
apEntry[223=[Ljava.lang.Object;@370424ca
apEntry[224=[Ljava.lang.Object;@4634e692
apEntry[225=[Ljava.lang.Object;@3c14f74f
apEntry[226=[Ljava.lang.Object;@1eab8cb3
apEntry[227=[Ljava.lang.Object;@3c19f798
apEntry[228=[Ljava.lang.Object;@6bc5861f
apEntry[229=[Ljava.lang.Object;@4408db1c
apEntry[230=[Ljava.lang.Object;@5ccc7f45
apEntry[231=[Ljava.lang.Object;@7fe4aa85
apEntry[232=[Ljava.lang.Object;@62d0eab5
apEntry[233=[Ljava.lang.Object;@2590a471
apEntry[234=[Ljava.lang.Object;@2deedc46
apEntry[235=[Ljava.lang.Object;@7ff7b724
apEntry[236=[Ljava.lang.Object;@3347db36
apEntry[237=[Ljava.lang.Object;@6f28e76b
apEntry[238=[Ljava.lang.Object;@6d5dcec7
apEntry[239=[Ljava.lang.Object;@47eca224
apEntry[240=[Ljava.lang.Object;@e086f9a
apEntry[241=[Ljava.lang.Object;@458f13ac
apEntry[242=[Ljava.lang.Object;@52f49674
apEntry[243=[Ljava.lang.Object;@1133c0f1
apEntry[244=[Ljava.lang.Object;@142ec874
apEntry[245=[Ljava.lang.Object;@6ae7bfb9
apEntry[246=[Ljava.lang.Object;@629bae43
apEntry[247=[Ljava.lang.Object;@3db3b87e
apEntry[248=[Ljava.lang.Object;@34126b1f
apEntry[249=[Ljava.lang.Object;@2960f3fb
apEntry[250=[Ljava.lang.Object;@693051b6
apEntry[251=[Ljava.lang.Object;@58227de3
apEntry[252=[Ljava.lang.Object;@50c56995
apEntry[253=[Ljava.lang.Object;@114c51f6
apEntry[254=[Ljava.lang.Object;@60c463d2
apEntry[255=[Ljava.lang.Object;@5147b4f6
apEntry[256=[Ljava.lang.Object;@2f2d381c
apEntry[257=[Ljava.lang.Object;@135f780c
apEntry[258=[Ljava.lang.Object;@bd9c689
apEntry[259=[Ljava.lang.Object;@7056ef55
apEntry[260=[Ljava.lang.Object;@25ff0d4d
apEntry[261=[Ljava.lang.Object;@5c811185
apEntry[262=[Ljava.lang.Object;@295e2faf
apEntry[263=[Ljava.lang.Object;@2b1ef160
apEntry[264=[Ljava.lang.Object;@de18f3f
apEntry[265=[Ljava.lang.Object;@c6a6e7f
apEntry[266=[Ljava.lang.Object;@7445e7a0
apEntry[267=[Ljava.lang.Object;@32b14e2c
apEntry[268=[Ljava.lang.Object;@2468015a
apEntry[269=[Ljava.lang.Object;@15fbd840
apEntry[270=[Ljava.lang.Object;@f83a7f7
apEntry[271=[Ljava.lang.Object;@2505bf2a
apEntry[272=[Ljava.lang.Object;@301639c3
apEntry[273=[Ljava.lang.Object;@320c40e
apEntry[274=[Ljava.lang.Object;@5a11e4d1
apEntry[275=[Ljava.lang.Object;@7bde7359
apEntry[276=[Ljava.lang.Object;@47677a4
apEntry[277=[Ljava.lang.Object;@6f3ed6d7
apEntry[278=[Ljava.lang.Object;@7270a885
apEntry[279=[Ljava.lang.Object;@98314da
apEntry[280=[Ljava.lang.Object;@57ad281
apEntry[281=[Ljava.lang.Object;@6cde3941
apEntry[282=[Ljava.lang.Object;@60ade1f4
apEntry[283=[Ljava.lang.Object;@bfb6e8d
apEntry[284=[Ljava.lang.Object;@70ecc398
apEntry[285=[Ljava.lang.Object;@2bc35815
apEntry[286=[Ljava.lang.Object;@4eb08825
apEntry[287=[Ljava.lang.Object;@dde4af7
apEntry[288=[Ljava.lang.Object;@8de2ed1
apEntry[289=[Ljava.lang.Object;@5a6a2e27
apEntry[290=[Ljava.lang.Object;@3bbe13de
apEntry[291=[Ljava.lang.Object;@72a845dd
apEntry[292=[Ljava.lang.Object;@5263ca23
apEntry[293=[Ljava.lang.Object;@7b3f2c3f
apEntry[294=[Ljava.lang.Object;@7adb70b8
apEntry[295=[Ljava.lang.Object;@64e8c072
apEntry[296=[Ljava.lang.Object;@7e4c859c
apEntry[297=[Ljava.lang.Object;@5b7aac1d
apEntry[298=[Ljava.lang.Object;@59efb2b0
apEntry[299=[Ljava.lang.Object;@7ed705ef
apEntry[300=[Ljava.lang.Object;@5203a75d
apEntry[301=[Ljava.lang.Object;@42025fe5
apEntry[302=[Ljava.lang.Object;@6f747838
apEntry[303=[Ljava.lang.Object;@56cdd669
apEntry[304=[Ljava.lang.Object;@18b9f68f
apEntry[305=[Ljava.lang.Object;@4bb9b825
apEntry[306=[Ljava.lang.Object;@2f92f334
apEntry[307=[Ljava.lang.Object;@14890c89
apEntry[308=[Ljava.lang.Object;@532a1bc1
apEntry[309=[Ljava.lang.Object;@7f431f5d
apEntry[310=[Ljava.lang.Object;@5b8cf85a
apEntry[311=[Ljava.lang.Object;@32b3ab5c
apEntry[312=[Ljava.lang.Object;@2ed57d77
apEntry[313=[Ljava.lang.Object;@2072668f
apEntry[314=[Ljava.lang.Object;@6d3b67fb
apEntry[315=[Ljava.lang.Object;@5b934dc5
apEntry[316=[Ljava.lang.Object;@631abb0c
apEntry[317=[Ljava.lang.Object;@6ea97ff8
apEntry[318=[Ljava.lang.Object;@13659778
apEntry[319=[Ljava.lang.Object;@716e4c6c
apEntry[320=[Ljava.lang.Object;@76a93149
apEntry[321=[Ljava.lang.Object;@7c941b0f
apEntry[322=[Ljava.lang.Object;@50744116
apEntry[323=[Ljava.lang.Object;@52e0745d
apEntry[324=[Ljava.lang.Object;@37e8ad0c
apEntry[325=[Ljava.lang.Object;@e62de4a
apEntry[326=[Ljava.lang.Object;@746a1c87
apEntry[327=[Ljava.lang.Object;@ea18d69
apEntry[328=[Ljava.lang.Object;@4483bd79
apEntry[329=[Ljava.lang.Object;@2052541a
apEntry[330=[Ljava.lang.Object;@d06e12d
apEntry[331=[Ljava.lang.Object;@73fcdb18
apEntry[332=[Ljava.lang.Object;@4505a897
apEntry[333=[Ljava.lang.Object;@182b8bfd
apEntry[334=[Ljava.lang.Object;@199f3dba
apEntry[335=[Ljava.lang.Object;@3929ef50
apEntry[336=[Ljava.lang.Object;@59cadcf0
apEntry[337=[Ljava.lang.Object;@7cc48c5f
apEntry[338=[Ljava.lang.Object;@72e2dd7f
apEntry[339=[Ljava.lang.Object;@7d853a22
apEntry[340=[Ljava.lang.Object;@53c72fdb
apEntry[341=[Ljava.lang.Object;@3b16cb96
apEntry[342=[Ljava.lang.Object;@7767a6a2
apEntry[343=[Ljava.lang.Object;@3182d5f2
apEntry[344=[Ljava.lang.Object;@12971319
apEntry[345=[Ljava.lang.Object;@53a4e7e2
apEntry[346=[Ljava.lang.Object;@72e4ce54
apEntry[347=[Ljava.lang.Object;@79106fd3
apEntry[348=[Ljava.lang.Object;@4f2c804e
apEntry[349=[Ljava.lang.Object;@28ecfc51
apEntry[350=[Ljava.lang.Object;@50023345
apEntry[351=[Ljava.lang.Object;@2091232d
apEntry[352=[Ljava.lang.Object;@4868276d
apEntry[353=[Ljava.lang.Object;@c415bc2
apEntry[354=[Ljava.lang.Object;@5fd1a8b6
apEntry[355=[Ljava.lang.Object;@c712cef
apEntry[356=[Ljava.lang.Object;@388c62c8
apEntry[357=[Ljava.lang.Object;@469a0797
apEntry[358=[Ljava.lang.Object;@2d8c8748
apEntry[359=[Ljava.lang.Object;@7b9b945b
apEntry[360=[Ljava.lang.Object;@23a842a2
apEntry[361=[Ljava.lang.Object;@1a2e512e
apEntry[362=[Ljava.lang.Object;@634addfe
apEntry[363=[Ljava.lang.Object;@6dfaba63
apEntry[364=[Ljava.lang.Object;@9b688cd
apEntry[365=[Ljava.lang.Object;@64654a08
apEntry[366=[Ljava.lang.Object;@4af38307
apEntry[367=[Ljava.lang.Object;@7a6a3dee
apEntry[368=[Ljava.lang.Object;@3e7d6a6
apEntry[369=[Ljava.lang.Object;@77209015
apEntry[370=[Ljava.lang.Object;@5b4a1a9e
apEntry[371=[Ljava.lang.Object;@104ad813
apEntry[372=[Ljava.lang.Object;@4afc1660
apEntry[373=[Ljava.lang.Object;@199b26d0
apEntry[374=[Ljava.lang.Object;@6ae6e254
apEntry[375=[Ljava.lang.Object;@506c3853
apEntry[376=[Ljava.lang.Object;@75a041ad
apEntry[377=[Ljava.lang.Object;@16eb240
apEntry[378=[Ljava.lang.Object;@5479c776
apEntry[379=[Ljava.lang.Object;@395e1729
apEntry[380=[Ljava.lang.Object;@536e09a3
apEntry[381=[Ljava.lang.Object;@1b31efe9
apEntry[382=[Ljava.lang.Object;@4e78d29b
apEntry[383=[Ljava.lang.Object;@56a26158
apEntry[384=[Ljava.lang.Object;@5fdb8d28
apEntry[385=[Ljava.lang.Object;@1f937999
apEntry[386=[Ljava.lang.Object;@54efadd4
apEntry[387=[Ljava.lang.Object;@76e8299b
apEntry[388=[Ljava.lang.Object;@77c16cca
apEntry[389=[Ljava.lang.Object;@39f3926b
apEntry[390=[Ljava.lang.Object;@4b2032ac
apEntry[391=[Ljava.lang.Object;@605c88fc
apEntry[392=[Ljava.lang.Object;@54f59b76
apEntry[393=[Ljava.lang.Object;@169a482c
apEntry[394=[Ljava.lang.Object;@bf26680
apEntry[395=[Ljava.lang.Object;@230cb798
apEntry[396=[Ljava.lang.Object;@6b932bab
apEntry[397=[Ljava.lang.Object;@16334d83
apEntry[398=[Ljava.lang.Object;@79cbd4d1
apEntry[399=[Ljava.lang.Object;@60a22b9
apEntry[400=[Ljava.lang.Object;@3e26431a
apEntry[401=[Ljava.lang.Object;@4bcf2a09
apEntry[402=[Ljava.lang.Object;@159ac964
apEntry[403=[Ljava.lang.Object;@d2f8ad2
apEntry[404=[Ljava.lang.Object;@7ea7978b
apEntry[405=[Ljava.lang.Object;@69ac26c7
apEntry[406=[Ljava.lang.Object;@1a1fbdd6
apEntry[407=[Ljava.lang.Object;@6d959d87
apEntry[408=[Ljava.lang.Object;@73dd5dc7
apEntry[409=[Ljava.lang.Object;@cbf4963
apEntry[410=[Ljava.lang.Object;@2faf83a6
apEntry[411=[Ljava.lang.Object;@7c2dfde5
apEntry[412=[Ljava.lang.Object;@573a8cbf
apEntry[413=[Ljava.lang.Object;@4b16bc61
apEntry[414=[Ljava.lang.Object;@46ff37cd
apEntry[415=[Ljava.lang.Object;@5a66f6b
apEntry[416=[Ljava.lang.Object;@172031f6
apEntry[417=[Ljava.lang.Object;@3dba4200
apEntry[418=[Ljava.lang.Object;@498ea081
apEntry[419=[Ljava.lang.Object;@5361fce5
apEntry[420=[Ljava.lang.Object;@7adea98d
apEntry[421=[Ljava.lang.Object;@3f4760e3
apEntry[422=[Ljava.lang.Object;@5ac6bfd0
apEntry[423=[Ljava.lang.Object;@329f583c
apEntry[424=[Ljava.lang.Object;@6a84ed92
apEntry[425=[Ljava.lang.Object;@5ff5c967
apEntry[426=[Ljava.lang.Object;@3827fc53
apEntry[427=[Ljava.lang.Object;@53f8a9f2
apEntry[428=[Ljava.lang.Object;@9eb2fbd
apEntry[429=[Ljava.lang.Object;@6157e7b6
apEntry[430=[Ljava.lang.Object;@61de9eeb
apEntry[431=[Ljava.lang.Object;@738f8b25
apEntry[432=[Ljava.lang.Object;@4625ecf4
apEntry[433=[Ljava.lang.Object;@28eb6f12
apEntry[434=[Ljava.lang.Object;@79f4313a
apEntry[435=[Ljava.lang.Object;@75a1ac75
apEntry[436=[Ljava.lang.Object;@69e16b1d
apEntry[437=[Ljava.lang.Object;@a44542f
apEntry[438=[Ljava.lang.Object;@66c9a360
apEntry[439=[Ljava.lang.Object;@4311e524
apEntry[440=[Ljava.lang.Object;@2fe781e4
apEntry[441=[Ljava.lang.Object;@301cc4ba
apEntry[442=[Ljava.lang.Object;@367fd0de
apEntry[443=[Ljava.lang.Object;@a3590fd
apEntry[444=[Ljava.lang.Object;@94cac4d
apEntry[445=[Ljava.lang.Object;@288de847
apEntry[446=[Ljava.lang.Object;@152661d3
apEntry[447=[Ljava.lang.Object;@669148c6
apEntry[448=[Ljava.lang.Object;@10a1534a
apEntry[449=[Ljava.lang.Object;@2db037d
apEntry[450=[Ljava.lang.Object;@52261a4f
apEntry[451=[Ljava.lang.Object;@b5f4bb5
apEntry[452=[Ljava.lang.Object;@6ec74b99
apEntry[453=[Ljava.lang.Object;@2b062a01
apEntry[454=[Ljava.lang.Object;@5b23cf27
apEntry[455=[Ljava.lang.Object;@eabd76b
apEntry[456=[Ljava.lang.Object;@7016c6d9
apEntry[457=[Ljava.lang.Object;@33bd1456
apEntry[458=[Ljava.lang.Object;@4745458d
apEntry[459=[Ljava.lang.Object;@4ea481ed
apEntry[460=[Ljava.lang.Object;@14828fc2
apEntry[461=[Ljava.lang.Object;@5eb80740
apEntry[462=[Ljava.lang.Object;@71700f73
apEntry[463=[Ljava.lang.Object;@41746896
apEntry[464=[Ljava.lang.Object;@754c32f4
apEntry[465=[Ljava.lang.Object;@69623213
apEntry[466=[Ljava.lang.Object;@5c78326a
apEntry[467=[Ljava.lang.Object;@76d2a94a
apEntry[468=[Ljava.lang.Object;@5bb426e0
apEntry[469=[Ljava.lang.Object;@746913e3
apEntry[470=[Ljava.lang.Object;@11deb04b
apEntry[471=[Ljava.lang.Object;@d842d33
apEntry[472=[Ljava.lang.Object;@135fa896
apEntry[473=[Ljava.lang.Object;@b9caf1f
apEntry[474=[Ljava.lang.Object;@18bc2a3
apEntry[475=[Ljava.lang.Object;@475cf20
apEntry[476=[Ljava.lang.Object;@3d7dbb59
apEntry[477=[Ljava.lang.Object;@7e56a570
apEntry[478=[Ljava.lang.Object;@7bb919a1
apEntry[479=[Ljava.lang.Object;@37188a2d
apEntry[480=[Ljava.lang.Object;@5bde1601
apEntry[481=[Ljava.lang.Object;@57e1d949
apEntry[482=[Ljava.lang.Object;@4ce35959
apEntry[483=[Ljava.lang.Object;@32e68902
apEntry[484=[Ljava.lang.Object;@426c89be
apEntry[485=[Ljava.lang.Object;@59aef883
apEntry[486=[Ljava.lang.Object;@19d063b3
apEntry[487=[Ljava.lang.Object;@4bdb90d4
apEntry[488=[Ljava.lang.Object;@65c5878a
apEntry[489=[Ljava.lang.Object;@34f8f220
apEntry[490=[Ljava.lang.Object;@cb51e
apEntry[491=[Ljava.lang.Object;@1d36b7c2
apEntry[492=[Ljava.lang.Object;@66e448cd
apEntry[493=[Ljava.lang.Object;@1df91c33
apEntry[494=[Ljava.lang.Object;@7cf4f43f
apEntry[495=[Ljava.lang.Object;@49573595
apEntry[496=[Ljava.lang.Object;@45a18ba6
apEntry[497=[Ljava.lang.Object;@2330ef03
apEntry[498=[Ljava.lang.Object;@6c862859
apEntry[499=[Ljava.lang.Object;@4ac86797
apEntry[500=[Ljava.lang.Object;@51ff7250
apEntry[501=[Ljava.lang.Object;@1ac389ec
apEntry[502=[Ljava.lang.Object;@41abfb52
apEntry[503=[Ljava.lang.Object;@26088075
apEntry[504=[Ljava.lang.Object;@7fe9345c
apEntry[505=[Ljava.lang.Object;@2592e647
apEntry[506=[Ljava.lang.Object;@6dd42aeb
apEntry[507=[Ljava.lang.Object;@53ff5d4f
apEntry[508=[Ljava.lang.Object;@2e96a5c0
apEntry[509=[Ljava.lang.Object;@421b5d36
apEntry[510=[Ljava.lang.Object;@4e05a661
apEntry[511=[Ljava.lang.Object;@1ff0e669
apEntry[512=[Ljava.lang.Object;@113949c7
apEntry[513=[Ljava.lang.Object;@12bc248b
apEntry[514=[Ljava.lang.Object;@30a61792
apEntry[515=[Ljava.lang.Object;@5fdadb2d
apEntry[516=[Ljava.lang.Object;@38fc28c9
apEntry[517=[Ljava.lang.Object;@5e3d99cd
apEntry[518=[Ljava.lang.Object;@4502eb87
apEntry[519=[Ljava.lang.Object;@6a12d43e
apEntry[520=[Ljava.lang.Object;@5f3f679d
apEntry[521=[Ljava.lang.Object;@213b89c6
apEntry[522=[Ljava.lang.Object;@4db1e3e6
apEntry[523=[Ljava.lang.Object;@2e568331
apEntry[524=[Ljava.lang.Object;@23afd6fc
apEntry[525=[Ljava.lang.Object;@6622ee5b
apEntry[526=[Ljava.lang.Object;@657285c3
apEntry[527=[Ljava.lang.Object;@47b39d75
apEntry[528=[Ljava.lang.Object;@706179c8
apEntry[529=[Ljava.lang.Object;@598e03bf
apEntry[530=[Ljava.lang.Object;@26441416
apEntry[531=[Ljava.lang.Object;@d49fb06
apEntry[532=[Ljava.lang.Object;@74c5e90a
apEntry[533=[Ljava.lang.Object;@19484277
apEntry[534=[Ljava.lang.Object;@797473d8
apEntry[535=[Ljava.lang.Object;@64f151f
apEntry[536=[Ljava.lang.Object;@6e454920
apEntry[537=[Ljava.lang.Object;@587540ae
apEntry[538=[Ljava.lang.Object;@755ad74b
apEntry[539=[Ljava.lang.Object;@17049bd0
apEntry[540=[Ljava.lang.Object;@3f8cba2d
apEntry[541=[Ljava.lang.Object;@61c17d85
apEntry[542=[Ljava.lang.Object;@3d85aa58
apEntry[543=[Ljava.lang.Object;@5b0dbeb0
apEntry[544=[Ljava.lang.Object;@e7f21b7
apEntry[545=[Ljava.lang.Object;@422b5dff
apEntry[546=[Ljava.lang.Object;@57368e6f
apEntry[547=[Ljava.lang.Object;@7256822b
apEntry[548=[Ljava.lang.Object;@4196a5f2
apEntry[549=[Ljava.lang.Object;@2856b96
apEntry[550=[Ljava.lang.Object;@d5d334a
apEntry[551=[Ljava.lang.Object;@5fcd69ab
apEntry[552=[Ljava.lang.Object;@2cd866f
apEntry[553=[Ljava.lang.Object;@5006c0f8
apEntry[554=[Ljava.lang.Object;@71646d21
apEntry[555=[Ljava.lang.Object;@4d66b519
apEntry[556=[Ljava.lang.Object;@34d5fa4d
apEntry[557=[Ljava.lang.Object;@3f1cfe55
apEntry[558=[Ljava.lang.Object;@4f989edf
apEntry[559=[Ljava.lang.Object;@719e14e
apEntry[560=[Ljava.lang.Object;@41cb8a12
apEntry[561=[Ljava.lang.Object;@264d2bca
apEntry[562=[Ljava.lang.Object;@41c03901
apEntry[563=[Ljava.lang.Object;@12d83a24
apEntry[564=[Ljava.lang.Object;@5ea08cca
apEntry[565=[Ljava.lang.Object;@752e771
apEntry[566=[Ljava.lang.Object;@4887800e
apEntry[567=[Ljava.lang.Object;@636071ec
apEntry[568=[Ljava.lang.Object;@35c3992
apEntry[569=[Ljava.lang.Object;@4bb55e2b
apEntry[570=[Ljava.lang.Object;@7afc529
apEntry[571=[Ljava.lang.Object;@397d0233
apEntry[572=[Ljava.lang.Object;@69af4a23
apEntry[573=[Ljava.lang.Object;@1057e31c
apEntry[574=[Ljava.lang.Object;@5e04fe78
apEntry[575=[Ljava.lang.Object;@3a5e29ef
apEntry[576=[Ljava.lang.Object;@44b84e31
apEntry[577=[Ljava.lang.Object;@3220b111
apEntry[578=[Ljava.lang.Object;@28970e63
apEntry[579=[Ljava.lang.Object;@68a056ac
apEntry[580=[Ljava.lang.Object;@2ded879f
apEntry[581=[Ljava.lang.Object;@516c30f1
apEntry[582=[Ljava.lang.Object;@76e4ec53
apEntry[583=[Ljava.lang.Object;@4806f5f2
apEntry[584=[Ljava.lang.Object;@4f29f6eb
apEntry[585=[Ljava.lang.Object;@f06e93f
apEntry[586=[Ljava.lang.Object;@6eeed560
apEntry[587=[Ljava.lang.Object;@644f57a8
apEntry[588=[Ljava.lang.Object;@7804f92
apEntry[589=[Ljava.lang.Object;@a10c8f2
apEntry[590=[Ljava.lang.Object;@51720c21
apEntry[591=[Ljava.lang.Object;@81b2cc8
apEntry[592=[Ljava.lang.Object;@27512397
apEntry[593=[Ljava.lang.Object;@4d89953e
apEntry[594=[Ljava.lang.Object;@11d58690
apEntry[595=[Ljava.lang.Object;@2a502073
apEntry[596=[Ljava.lang.Object;@72c34bc3
apEntry[597=[Ljava.lang.Object;@2db15689
apEntry[598=[Ljava.lang.Object;@bd4c47a
apEntry[599=[Ljava.lang.Object;@6106f36a
apEntry[600=[Ljava.lang.Object;@68d03bbc
apEntry[601=[Ljava.lang.Object;@6675875c
apEntry[602=[Ljava.lang.Object;@7c9d8c7a
apEntry[603=[Ljava.lang.Object;@2749b87f
apEntry[604=[Ljava.lang.Object;@1e7bf639
apEntry[605=[Ljava.lang.Object;@5ae37770
apEntry[606=[Ljava.lang.Object;@3b584fca
apEntry[607=[Ljava.lang.Object;@27bbffe2
apEntry[608=[Ljava.lang.Object;@2113c258
apEntry[609=[Ljava.lang.Object;@467246f7
apEntry[610=[Ljava.lang.Object;@23b884
apEntry[611=[Ljava.lang.Object;@4fe3336f
apEntry[612=[Ljava.lang.Object;@1b0bb036
apEntry[613=[Ljava.lang.Object;@18aadc3f
apEntry[614=[Ljava.lang.Object;@19dff2b4
apEntry[615=[Ljava.lang.Object;@75a6a45a
apEntry[616=[Ljava.lang.Object;@f9c5949
apEntry[617=[Ljava.lang.Object;@594909d8
apEntry[618=[Ljava.lang.Object;@683c96b
apEntry[619=[Ljava.lang.Object;@29ad07e5
apEntry[620=[Ljava.lang.Object;@1c396119
apEntry[621=[Ljava.lang.Object;@17ba2f18
apEntry[622=[Ljava.lang.Object;@2baab111
apEntry[623=[Ljava.lang.Object;@6c45e926
apEntry[624=[Ljava.lang.Object;@2ec31400
apEntry[625=[Ljava.lang.Object;@1d6ab14b
apEntry[626=[Ljava.lang.Object;@5006e5a5
apEntry[627=[Ljava.lang.Object;@46d586e5
apEntry[628=[Ljava.lang.Object;@768769cf
apEntry[629=[Ljava.lang.Object;@7d38e47c
apEntry[630=[Ljava.lang.Object;@2edbcadc
apEntry[631=[Ljava.lang.Object;@195fc5a8
apEntry[632=[Ljava.lang.Object;@640b238a
apEntry[633=[Ljava.lang.Object;@7d538b97
apEntry[634=[Ljava.lang.Object;@44271b2b
apEntry[635=[Ljava.lang.Object;@cebb60c
apEntry[636=[Ljava.lang.Object;@596c3d2c
apEntry[637=[Ljava.lang.Object;@7814f651
apEntry[638=[Ljava.lang.Object;@4f491cf0
apEntry[639=[Ljava.lang.Object;@33b6f15
apEntry[640=[Ljava.lang.Object;@1d794917
apEntry[641=[Ljava.lang.Object;@7207409e
apEntry[642=[Ljava.lang.Object;@5493ae3d
apEntry[643=[Ljava.lang.Object;@11d63319
apEntry[644=[Ljava.lang.Object;@5ecfdac2
apEntry[645=[Ljava.lang.Object;@1c1acf68
apEntry[646=[Ljava.lang.Object;@53759a0a
apEntry[647=[Ljava.lang.Object;@5dd761f3
apEntry[648=[Ljava.lang.Object;@10c1db40
apEntry[649=[Ljava.lang.Object;@757a271d
apEntry[650=[Ljava.lang.Object;@5d99ca67
apEntry[651=[Ljava.lang.Object;@3846484a
apEntry[652=[Ljava.lang.Object;@2ffca023
apEntry[653=[Ljava.lang.Object;@45beb137
apEntry[654=[Ljava.lang.Object;@6471b046
apEntry[655=[Ljava.lang.Object;@47b82480
apEntry[656=[Ljava.lang.Object;@205bb007
apEntry[657=[Ljava.lang.Object;@45cd2f05
apEntry[658=[Ljava.lang.Object;@34543aab
apEntry[659=[Ljava.lang.Object;@3d387690
apEntry[660=[Ljava.lang.Object;@11bc8d4f
apEntry[661=[Ljava.lang.Object;@42c1031b
apEntry[662=[Ljava.lang.Object;@6263db7f
apEntry[663=[Ljava.lang.Object;@466136bb
apEntry[664=[Ljava.lang.Object;@4523c452
apEntry[665=[Ljava.lang.Object;@634130b8
apEntry[666=[Ljava.lang.Object;@704c1707
apEntry[667=[Ljava.lang.Object;@50cad7fa
apEntry[668=[Ljava.lang.Object;@17b5ccff
apEntry[669=[Ljava.lang.Object;@23c3e42
apEntry[670=[Ljava.lang.Object;@4928edcf
apEntry[671=[Ljava.lang.Object;@2911382d
apEntry[672=[Ljava.lang.Object;@61097a68
apEntry[673=[Ljava.lang.Object;@7e21bf52
apEntry[674=[Ljava.lang.Object;@53464f44
apEntry[675=[Ljava.lang.Object;@2639bef2
apEntry[676=[Ljava.lang.Object;@6ac274e5
apEntry[677=[Ljava.lang.Object;@1a1ae7dc
apEntry[678=[Ljava.lang.Object;@5b22c793
apEntry[679=[Ljava.lang.Object;@68c58b4f
apEntry[680=[Ljava.lang.Object;@1385a068
apEntry[681=[Ljava.lang.Object;@43794ee3
apEntry[682=[Ljava.lang.Object;@27d9a11d
apEntry[683=[Ljava.lang.Object;@334f7707
apEntry[684=[Ljava.lang.Object;@5b142f25
apEntry[685=[Ljava.lang.Object;@10e03a0c
apEntry[686=[Ljava.lang.Object;@d696b44
apEntry[687=[Ljava.lang.Object;@58f6f115
apEntry[688=[Ljava.lang.Object;@7b6b6b90
apEntry[689=[Ljava.lang.Object;@410af8ea
apEntry[690=[Ljava.lang.Object;@6887c628
apEntry[691=[Ljava.lang.Object;@6452a1eb
apEntry[692=[Ljava.lang.Object;@63c4bdcd
apEntry[693=[Ljava.lang.Object;@3c693d54
apEntry[694=[Ljava.lang.Object;@78257294
apEntry[695=[Ljava.lang.Object;@7cf0df8
apEntry[696=[Ljava.lang.Object;@16bb989f
apEntry[697=[Ljava.lang.Object;@83bd1aa
apEntry[698=[Ljava.lang.Object;@3cfbb33
apEntry[699=[Ljava.lang.Object;@5be51f05
apEntry[700=[Ljava.lang.Object;@61873409
apEntry[701=[Ljava.lang.Object;@116d703a
apEntry[702=[Ljava.lang.Object;@562d17fe
apEntry[703=[Ljava.lang.Object;@6b8c0870
apEntry[704=[Ljava.lang.Object;@d98032a
apEntry[705=[Ljava.lang.Object;@2dca5150
apEntry[706=[Ljava.lang.Object;@69dedae6
apEntry[707=[Ljava.lang.Object;@6c1e9411
apEntry[708=[Ljava.lang.Object;@415628bf
apEntry[709=[Ljava.lang.Object;@cc205bc
apEntry[710=[Ljava.lang.Object;@4d8ea060
apEntry[711=[Ljava.lang.Object;@5fe5fb01
apEntry[712=[Ljava.lang.Object;@6a99a209
apEntry[713=[Ljava.lang.Object;@4ea95214
apEntry[714=[Ljava.lang.Object;@480482c3
apEntry[715=[Ljava.lang.Object;@764eba23
apEntry[716=[Ljava.lang.Object;@7a65bb58
apEntry[717=[Ljava.lang.Object;@3b348ba8
apEntry[718=[Ljava.lang.Object;@61cc82f8
apEntry[719=[Ljava.lang.Object;@221bfd9c
apEntry[720=[Ljava.lang.Object;@50e93e79
apEntry[721=[Ljava.lang.Object;@486a414c
apEntry[722=[Ljava.lang.Object;@535e9ca5
apEntry[723=[Ljava.lang.Object;@67c869f
apEntry[724=[Ljava.lang.Object;@2792bb45
apEntry[725=[Ljava.lang.Object;@2dbc11d2
apEntry[726=[Ljava.lang.Object;@21d599dd
apEntry[727=[Ljava.lang.Object;@7a90183d
apEntry[728=[Ljava.lang.Object;@96660a
apEntry[729=[Ljava.lang.Object;@541c8bf2
apEntry[730=[Ljava.lang.Object;@2f981366
apEntry[731=[Ljava.lang.Object;@45cfcb4e
apEntry[732=[Ljava.lang.Object;@1c3d10c2
apEntry[733=[Ljava.lang.Object;@31f3f528
apEntry[734=[Ljava.lang.Object;@4e5a621
apEntry[735=[Ljava.lang.Object;@53cca848
apEntry[736=[Ljava.lang.Object;@577133e6
apEntry[737=[Ljava.lang.Object;@151693bc
apEntry[738=[Ljava.lang.Object;@4ca931b7
apEntry[739=[Ljava.lang.Object;@69a0af4b
apEntry[740=[Ljava.lang.Object;@707a8edc
apEntry[741=[Ljava.lang.Object;@6067e537
apEntry[742=[Ljava.lang.Object;@5f35e26a
apEntry[743=[Ljava.lang.Object;@ea50022
apEntry[744=[Ljava.lang.Object;@18bc082a
apEntry[745=[Ljava.lang.Object;@385b768c
apEntry[746=[Ljava.lang.Object;@48d883a
apEntry[747=[Ljava.lang.Object;@4bea4ee1
apEntry[748=[Ljava.lang.Object;@5582fb42
apEntry[749=[Ljava.lang.Object;@217c0c5d
apEntry[750=[Ljava.lang.Object;@5fce07be
apEntry[751=[Ljava.lang.Object;@71690e96
apEntry[752=[Ljava.lang.Object;@dae8207
apEntry[753=[Ljava.lang.Object;@1ba1b2e8
apEntry[754=[Ljava.lang.Object;@3057e253
apEntry[755=[Ljava.lang.Object;@13fd2efb
apEntry[756=[Ljava.lang.Object;@5d361ed9
apEntry[757=[Ljava.lang.Object;@4288cdfe
apEntry[758=[Ljava.lang.Object;@289c9df
apEntry[759=[Ljava.lang.Object;@9c8ef92
apEntry[760=[Ljava.lang.Object;@620a7c6
apEntry[761=[Ljava.lang.Object;@104c3f5e
apEntry[762=[Ljava.lang.Object;@772f0842
apEntry[763=[Ljava.lang.Object;@2a7be533
apEntry[764=[Ljava.lang.Object;@5421bbf8
apEntry[765=[Ljava.lang.Object;@2abc57e8
apEntry[766=[Ljava.lang.Object;@2d98f14a
apEntry[767=[Ljava.lang.Object;@7bcc01b2
apEntry[768=[Ljava.lang.Object;@37cb8633
apEntry[769=[Ljava.lang.Object;@41763bc9
apEntry[770=[Ljava.lang.Object;@547afa65
apEntry[771=[Ljava.lang.Object;@63289956
apEntry[772=[Ljava.lang.Object;@6464e3d6
apEntry[773=[Ljava.lang.Object;@60780034
apEntry[774=[Ljava.lang.Object;@59bbfc89
apEntry[775=[Ljava.lang.Object;@63702333
apEntry[776=[Ljava.lang.Object;@7ac2a3b6
apEntry[777=[Ljava.lang.Object;@44beaf5e
apEntry[778=[Ljava.lang.Object;@3935cc3d
apEntry[779=[Ljava.lang.Object;@7acc64a3
apEntry[780=[Ljava.lang.Object;@2da5acae
apEntry[781=[Ljava.lang.Object;@5a0d4436
apEntry[782=[Ljava.lang.Object;@de30f5b
apEntry[783=[Ljava.lang.Object;@4f5f0a20
apEntry[784=[Ljava.lang.Object;@43e1cfc6
apEntry[785=[Ljava.lang.Object;@5e23293d
apEntry[786=[Ljava.lang.Object;@1d13a22d
apEntry[787=[Ljava.lang.Object;@5c63af1c
apEntry[788=[Ljava.lang.Object;@3085f76c
apEntry[789=[Ljava.lang.Object;@64ae47b4
apEntry[790=[Ljava.lang.Object;@10e61eda
apEntry[791=[Ljava.lang.Object;@544d064d
apEntry[792=[Ljava.lang.Object;@7f369032
apEntry[793=[Ljava.lang.Object;@7610f674
apEntry[794=[Ljava.lang.Object;@2a85fd54
apEntry[795=[Ljava.lang.Object;@1298dad4
apEntry[796=[Ljava.lang.Object;@d030380
apEntry[797=[Ljava.lang.Object;@3e91a624
apEntry[798=[Ljava.lang.Object;@3ae4ae96
apEntry[799=[Ljava.lang.Object;@76c0ef35
apEntry[800=[Ljava.lang.Object;@282ac998
apEntry[801=[Ljava.lang.Object;@2254439b
apEntry[802=[Ljava.lang.Object;@79479360
apEntry[803=[Ljava.lang.Object;@5f08f5b7
apEntry[804=[Ljava.lang.Object;@55e40185
apEntry[805=[Ljava.lang.Object;@8ba9bb6
apEntry[806=[Ljava.lang.Object;@6ebccaab
apEntry[807=[Ljava.lang.Object;@4bc4e47c
apEntry[808=[Ljava.lang.Object;@79cf8c1d
apEntry[809=[Ljava.lang.Object;@264df22b
apEntry[810=[Ljava.lang.Object;@66f86947
apEntry[811=[Ljava.lang.Object;@45e1a829
apEntry[812=[Ljava.lang.Object;@55f544e
apEntry[813=[Ljava.lang.Object;@20889705
apEntry[814=[Ljava.lang.Object;@4ce277e4
apEntry[815=[Ljava.lang.Object;@42f26f70
apEntry[816=[Ljava.lang.Object;@62641ab5
apEntry[817=[Ljava.lang.Object;@170cac73
apEntry[818=[Ljava.lang.Object;@4c0fd23b
apEntry[819=[Ljava.lang.Object;@5a05baff
apEntry[820=[Ljava.lang.Object;@6f4d03ba
apEntry[821=[Ljava.lang.Object;@6544fccb
apEntry[822=[Ljava.lang.Object;@1c68642c
apEntry[823=[Ljava.lang.Object;@59e83bd2
apEntry[824=[Ljava.lang.Object;@684f4be1
apEntry[825=[Ljava.lang.Object;@7aa35446
apEntry[826=[Ljava.lang.Object;@7adfef92
apEntry[827=[Ljava.lang.Object;@5cad7fa
apEntry[828=[Ljava.lang.Object;@c1750ef
apEntry[829=[Ljava.lang.Object;@7d1d0405
apEntry[830=[Ljava.lang.Object;@14879761
apEntry[831=[Ljava.lang.Object;@1d8e4482
apEntry[832=[Ljava.lang.Object;@14447c77
apEntry[833=[Ljava.lang.Object;@c0de5a
apEntry[834=[Ljava.lang.Object;@20603309
apEntry[835=[Ljava.lang.Object;@6f9a1c8d
apEntry[836=[Ljava.lang.Object;@10e0913d
apEntry[837=[Ljava.lang.Object;@69cf6f56
apEntry[838=[Ljava.lang.Object;@26c823ac
apEntry[839=[Ljava.lang.Object;@159edca9
apEntry[840=[Ljava.lang.Object;@444ec090
apEntry[841=[Ljava.lang.Object;@6487777b
apEntry[842=[Ljava.lang.Object;@e3f993b
apEntry[843=[Ljava.lang.Object;@c9ce56
apEntry[844=[Ljava.lang.Object;@17f70038
apEntry[845=[Ljava.lang.Object;@606b9579
apEntry[846=[Ljava.lang.Object;@4b3f8459
apEntry[847=[Ljava.lang.Object;@263a5ab9
apEntry[848=[Ljava.lang.Object;@4982ddb5
apEntry[849=[Ljava.lang.Object;@32b5c938
apEntry[850=[Ljava.lang.Object;@29e7aee6
apEntry[851=[Ljava.lang.Object;@7575deaf
apEntry[852=[Ljava.lang.Object;@5a7a93b3
apEntry[853=[Ljava.lang.Object;@564fcdbb
apEntry[854=[Ljava.lang.Object;@64d771ec
apEntry[855=[Ljava.lang.Object;@7eeec1cc
apEntry[856=[Ljava.lang.Object;@77297401
apEntry[857=[Ljava.lang.Object;@4b3c1ea1
apEntry[858=[Ljava.lang.Object;@4a462fff
apEntry[859=[Ljava.lang.Object;@4a7b164d
apEntry[860=[Ljava.lang.Object;@2922c271
apEntry[861=[Ljava.lang.Object;@6c63baa3
apEntry[862=[Ljava.lang.Object;@32a509a1
apEntry[863=[Ljava.lang.Object;@21cab2e0
apEntry[864=[Ljava.lang.Object;@1528d54
apEntry[865=[Ljava.lang.Object;@7c713f17
apEntry[866=[Ljava.lang.Object;@421f9a2b
apEntry[867=[Ljava.lang.Object;@3a82ac3f
apEntry[868=[Ljava.lang.Object;@565a40c2
apEntry[869=[Ljava.lang.Object;@2c71906c
apEntry[870=[Ljava.lang.Object;@2198c57
apEntry[871=[Ljava.lang.Object;@5b2402a9
apEntry[872=[Ljava.lang.Object;@3a44ddcf
apEntry[873=[Ljava.lang.Object;@1aaad654
apEntry[874=[Ljava.lang.Object;@9658692
apEntry[875=[Ljava.lang.Object;@7fb249fa
apEntry[876=[Ljava.lang.Object;@7034a00d
apEntry[877=[Ljava.lang.Object;@6b9d0be7
apEntry[878=[Ljava.lang.Object;@3110cf8f
apEntry[879=[Ljava.lang.Object;@2506bb27
apEntry[880=[Ljava.lang.Object;@759ec531
apEntry[881=[Ljava.lang.Object;@123e2fe9
apEntry[882=[Ljava.lang.Object;@23fd0b32
apEntry[883=[Ljava.lang.Object;@4ecde8d4
apEntry[884=[Ljava.lang.Object;@54b8dee3
apEntry[885=[Ljava.lang.Object;@4bdce7fd
apEntry[886=[Ljava.lang.Object;@58855412
apEntry[887=[Ljava.lang.Object;@2d918d2e
apEntry[888=[Ljava.lang.Object;@4690c16a
apEntry[889=[Ljava.lang.Object;@1d8afca4
apEntry[890=[Ljava.lang.Object;@6b614af3
apEntry[891=[Ljava.lang.Object;@63424e4d
apEntry[892=[Ljava.lang.Object;@423397e9
apEntry[893=[Ljava.lang.Object;@143a86d6
apEntry[894=[Ljava.lang.Object;@46e7afb8
apEntry[895=[Ljava.lang.Object;@586b28ea
apEntry[896=[Ljava.lang.Object;@19eaf0a1
apEntry[897=[Ljava.lang.Object;@2919f8c1
apEntry[898=[Ljava.lang.Object;@65874d60
apEntry[899=[Ljava.lang.Object;@73355502
apEntry[900=[Ljava.lang.Object;@bebd8c4
apEntry[901=[Ljava.lang.Object;@31108eaf
apEntry[902=[Ljava.lang.Object;@3a66a97a
apEntry[903=[Ljava.lang.Object;@36bef07f
apEntry[904=[Ljava.lang.Object;@42e9ee69
apEntry[905=[Ljava.lang.Object;@32d08af0
apEntry[906=[Ljava.lang.Object;@4cf81289
apEntry[907=[Ljava.lang.Object;@454f7c97
apEntry[908=[Ljava.lang.Object;@7dc07c73
apEntry[909=[Ljava.lang.Object;@31e6322f
apEntry[910=[Ljava.lang.Object;@240ec220
apEntry[911=[Ljava.lang.Object;@1c3efa8d
apEntry[912=[Ljava.lang.Object;@616d3869
apEntry[913=[Ljava.lang.Object;@6825917
apEntry[914=[Ljava.lang.Object;@503d9dd0
apEntry[915=[Ljava.lang.Object;@2c998359
apEntry[916=[Ljava.lang.Object;@b06c867
apEntry[917=[Ljava.lang.Object;@1d84f68b
apEntry[918=[Ljava.lang.Object;@4bf603e1
apEntry[919=[Ljava.lang.Object;@2e20cbac
apEntry[920=[Ljava.lang.Object;@4d2cf757
apEntry[921=[Ljava.lang.Object;@107a81f8
apEntry[922=[Ljava.lang.Object;@6d339382
apEntry[923=[Ljava.lang.Object;@1464b1e2
apEntry[924=[Ljava.lang.Object;@24d5f8c1
apEntry[925=[Ljava.lang.Object;@72d23d9e
apEntry[926=[Ljava.lang.Object;@e87cc18
apEntry[927=[Ljava.lang.Object;@5d941b0e
apEntry[928=[Ljava.lang.Object;@2dfd1b55
apEntry[929=[Ljava.lang.Object;@4b315f4b
apEntry[930=[Ljava.lang.Object;@38f7e7cd
apEntry[931=[Ljava.lang.Object;@7d48fb5a
apEntry[932=[Ljava.lang.Object;@27b294dd
apEntry[933=[Ljava.lang.Object;@5ccbbfd5
apEntry[934=[Ljava.lang.Object;@454b32bc
apEntry[935=[Ljava.lang.Object;@69ec63fd
apEntry[936=[Ljava.lang.Object;@67f3bbb8
apEntry[937=[Ljava.lang.Object;@4c1ad698
apEntry[938=[Ljava.lang.Object;@a0067bc
apEntry[939=[Ljava.lang.Object;@6a1a7a44
apEntry[940=[Ljava.lang.Object;@11905062
apEntry[941=[Ljava.lang.Object;@b3a69d1
apEntry[942=[Ljava.lang.Object;@137dc488
apEntry[943=[Ljava.lang.Object;@53c3d397
apEntry[944=[Ljava.lang.Object;@1cd95c6b
apEntry[945=[Ljava.lang.Object;@1d23563d
apEntry[946=[Ljava.lang.Object;@335f9503
apEntry[947=[Ljava.lang.Object;@6ec049f4
apEntry[948=[Ljava.lang.Object;@3746cc68
apEntry[949=[Ljava.lang.Object;@63f71ac
apEntry[950=[Ljava.lang.Object;@5c9f24a4
apEntry[951=[Ljava.lang.Object;@521b6586
apEntry[952=[Ljava.lang.Object;@1db05801
apEntry[953=[Ljava.lang.Object;@3e0041bf
apEntry[954=[Ljava.lang.Object;@3b3981b
apEntry[955=[Ljava.lang.Object;@5c031db3
apEntry[956=[Ljava.lang.Object;@3bed4576
apEntry[957=[Ljava.lang.Object;@2935970d
apEntry[958=[Ljava.lang.Object;@37e4a612
apEntry[959=[Ljava.lang.Object;@3627904c
apEntry[960=[Ljava.lang.Object;@fa9f524
apEntry[961=[Ljava.lang.Object;@49a63911
apEntry[962=[Ljava.lang.Object;@5c920f49
apEntry[963=[Ljava.lang.Object;@7de4587d
apEntry[964=[Ljava.lang.Object;@3bf4c704
apEntry[965=[Ljava.lang.Object;@113a3e05
apEntry[966=[Ljava.lang.Object;@7772b22d
apEntry[967=[Ljava.lang.Object;@19b53469
apEntry[968=[Ljava.lang.Object;@324e319c
apEntry[969=[Ljava.lang.Object;@264c77c4
apEntry[970=[Ljava.lang.Object;@6ea1d824
apEntry[971=[Ljava.lang.Object;@599b79e8
apEntry[972=[Ljava.lang.Object;@3a0bc0fe
apEntry[973=[Ljava.lang.Object;@4ff6c0b9
apEntry[974=[Ljava.lang.Object;@21cfca12
apEntry[975=[Ljava.lang.Object;@62d1aa42
apEntry[976=[Ljava.lang.Object;@492fda7f
apEntry[977=[Ljava.lang.Object;@37ac1fee
apEntry[978=[Ljava.lang.Object;@4aab4bcd
apEntry[979=[Ljava.lang.Object;@1339f16c
apEntry[980=[Ljava.lang.Object;@1e8d46f9
apEntry[981=[Ljava.lang.Object;@6fb9449a
apEntry[982=[Ljava.lang.Object;@763e84d9
apEntry[983=[Ljava.lang.Object;@6a7078c2
apEntry[984=[Ljava.lang.Object;@31cad4a1
apEntry[985=[Ljava.lang.Object;@73c792f7
apEntry[986=[Ljava.lang.Object;@71f67d80
apEntry[987=[Ljava.lang.Object;@2b33696d
apEntry[988=[Ljava.lang.Object;@1b6c6ebc
apEntry[989=[Ljava.lang.Object;@39b0170d
apEntry[990=[Ljava.lang.Object;@35165e52
apEntry[991=[Ljava.lang.Object;@75479ce7
apEntry[992=[Ljava.lang.Object;@48acccba
apEntry[993=[Ljava.lang.Object;@53f34ded
apEntry[994=[Ljava.lang.Object;@44ebe18
apEntry[995=[Ljava.lang.Object;@49dd4281
apEntry[996=[Ljava.lang.Object;@4472610
apEntry[997=[Ljava.lang.Object;@15e78112
apEntry[998=[Ljava.lang.Object;@57a92b0
apEntry[999=[Ljava.lang.Object;@f29a5cf
apEntry[1000=[Ljava.lang.Object;@23c26b07
apEntry[1001=[Ljava.lang.Object;@2e680072
apEntry[1002=[Ljava.lang.Object;@11a9cdbb
apEntry[1003=[Ljava.lang.Object;@37bb6e96
apEntry[1004=[Ljava.lang.Object;@9188de9
apEntry[1005=[Ljava.lang.Object;@6a6b38d2
apEntry[1006=[Ljava.lang.Object;@752256be
apEntry[1007=[Ljava.lang.Object;@25480cdb
apEntry[1008=[Ljava.lang.Object;@3b1b90e8
apEntry[1009=[Ljava.lang.Object;@6608cf52
apEntry[1010=[Ljava.lang.Object;@20e3397
apEntry[1011=[Ljava.lang.Object;@74642ad7
apEntry[1012=[Ljava.lang.Object;@4fc3a48
apEntry[1013=[Ljava.lang.Object;@501514a3
apEntry[1014=[Ljava.lang.Object;@10b971a2
apEntry[1015=[Ljava.lang.Object;@7735579b
apEntry[1016=[Ljava.lang.Object;@110ca91
apEntry[1017=[Ljava.lang.Object;@46ad53d2
apEntry[1018=[Ljava.lang.Object;@2389dfcd
apEntry[1019=[Ljava.lang.Object;@2b022098
apEntry[1020=[Ljava.lang.Object;@47e076b7
apEntry[1021=[Ljava.lang.Object;@19528a66
apEntry[1022=[Ljava.lang.Object;@49dedddc
apEntry[1023=[Ljava.lang.Object;@5710167d
apEntry[1024=[Ljava.lang.Object;@12f2c44c
apEntry[1025=[Ljava.lang.Object;@76451067
apEntry[1026=[Ljava.lang.Object;@1fd7fa3e
apEntry[1027=[Ljava.lang.Object;@9795017
apEntry[1028=[Ljava.lang.Object;@79f19550
apEntry[1029=[Ljava.lang.Object;@5a6dd79
apEntry[1030=[Ljava.lang.Object;@7704de3
apEntry[1031=[Ljava.lang.Object;@5b5b651a
apEntry[1032=[Ljava.lang.Object;@3ef23915
apEntry[1033=[Ljava.lang.Object;@b519504
apEntry[1034=[Ljava.lang.Object;@7eec05ef
apEntry[1035=[Ljava.lang.Object;@26c029ab
apEntry[1036=[Ljava.lang.Object;@5258020e
apEntry[1037=[Ljava.lang.Object;@280f21f6
apEntry[1038=[Ljava.lang.Object;@432d3e4b
apEntry[1039=[Ljava.lang.Object;@74575161
apEntry[1040=[Ljava.lang.Object;@45817820
apEntry[1041=[Ljava.lang.Object;@1e2ff6de
apEntry[1042=[Ljava.lang.Object;@77404a67
apEntry[1043=[Ljava.lang.Object;@525eab55
apEntry[1044=[Ljava.lang.Object;@51b9b958
apEntry[1045=[Ljava.lang.Object;@2a2935a5
apEntry[1046=[Ljava.lang.Object;@62427864
apEntry[1047=[Ljava.lang.Object;@39344dac
apEntry[1048=[Ljava.lang.Object;@47f4d101
apEntry[1049=[Ljava.lang.Object;@10f02a59
apEntry[1050=[Ljava.lang.Object;@733ff15b
apEntry[1051=[Ljava.lang.Object;@32ad6347
apEntry[1052=[Ljava.lang.Object;@51cc1204
apEntry[1053=[Ljava.lang.Object;@4307ef88
apEntry[1054=[Ljava.lang.Object;@5a0cd804
apEntry[1055=[Ljava.lang.Object;@2aa95c8d
apEntry[1056=[Ljava.lang.Object;@16a8b190
apEntry[1057=[Ljava.lang.Object;@715ac43b
apEntry[1058=[Ljava.lang.Object;@14eb0fa2
apEntry[1059=[Ljava.lang.Object;@708c675b
apEntry[1060=[Ljava.lang.Object;@5726e8b4
apEntry[1061=[Ljava.lang.Object;@7a778604
apEntry[1062=[Ljava.lang.Object;@14dcebeb
apEntry[1063=[Ljava.lang.Object;@5df8134e
apEntry[1064=[Ljava.lang.Object;@8f475bf
apEntry[1065=[Ljava.lang.Object;@5aab974d
apEntry[1066=[Ljava.lang.Object;@19938f7d
apEntry[1067=[Ljava.lang.Object;@6584537b
apEntry[1068=[Ljava.lang.Object;@6bb3451e
apEntry[1069=[Ljava.lang.Object;@6ccde422
apEntry[1070=[Ljava.lang.Object;@3ed58a59
apEntry[1071=[Ljava.lang.Object;@27dc6d82
apEntry[1072=[Ljava.lang.Object;@343b6e04
apEntry[1073=[Ljava.lang.Object;@19116a24
apEntry[1074=[Ljava.lang.Object;@2cde31d
apEntry[1075=[Ljava.lang.Object;@53580dfd
apEntry[1076=[Ljava.lang.Object;@228b8158
apEntry[1077=[Ljava.lang.Object;@499f0447
apEntry[1078=[Ljava.lang.Object;@572155a2
apEntry[1079=[Ljava.lang.Object;@40a9715d
