TWID, TWEET, UTCDATE, CITY, USERID
185437272, DAMN ITS INCREDIBL, AUG  3 2007 10:50PM, HSINCHU, 811883
203133822, IM TRYING NOT TO PR, AUG 13 2007  9:44AM, HSINCHU, 811883
278146952, WONDERING WHAT BIG P, SEP 19 2007  2:58AM, HSINCHU, 8055532
278388742, WONDERING WHY FLICKR, SEP 19 2007  5:39AM, HSINCHU, 8055532
279132502, SCRAMBLING, SEP 19 2007  1:32PM, HSINCHU, 8055532
280326712, MORE RELAXED THAN HE, SEP 20 2007 12:11AM, HSINCHU, 8055532
280652472, SICK OF CRAPPY RECHA, SEP 20 2007  3:41AM, HSINCHU, 8055532
280714262, REALLY LIKING GEOFF, SEP 20 2007  4:21AM, HSINCHU, 8055532
282418592, EXCITED THAT HIS PRO, SEP 20 2007  8:57PM, HSINCHU, 8055532
283134342, WONDERING IF HE HAS, SEP 21 2007  4:33AM, HSINCHU, 8055532
283168942, DEFINITELY COMING DO, SEP 21 2007  5:00AM, HSINCHU, 8055532
284208642, QUITE UNWELL, SEP 21 2007  3:34PM, HSINCHU, 8055532
285033372, RESTING TONIGHT SO T, SEP 21 2007 11:40PM, HSINCHU, 8055532
285950662, FEELING MUCH BETTER, SEP 22 2007 12:15PM, HSINCHU, 8055532
286034772, EXCITED TO FILM THE, SEP 22 2007  1:24PM, HSINCHU, 8055532
286561772, HAPPY THAT FILMING W, SEP 22 2007  7:24PM, HSINCHU, 8055532
286693212, WONDERING WHOS NOT, SEP 22 2007  9:06PM, HSINCHU, 8055532
287816322, HAPPY ITS SUNDAY, SEP 23 2007 12:47PM, HSINCHU, 8055532
288343822, NOT HAVING GREAT LUC, SEP 23 2007  6:54PM, HSINCHU, 8055532
288681902, THANKFUL FOR FIRST A, SEP 23 2007 11:08PM, HSINCHU, 8055532
288782922, THANKFUL FOR FIRST A, SEP 24 2007 12:21AM, HSINCHU, 8055532
289776342, A LITTLE SORE, SEP 24 2007 12:14PM, HSINCHU, 8055532
290139292, FEELING A LITTLE JJ, SEP 24 2007  3:16PM, HSINCHU, 8055532
290620982, FEELING MORE LIKE DF, SEP 24 2007  7:25PM, HSINCHU, 8055532
291318472, FRIENDS WITH HIS MOM, SEP 25 2007  2:27AM, HSINCHU, 8055532
292314222, NOT SURE WHY HE THOU, SEP 25 2007  2:29PM, HSINCHU, 8055532
293018672, GLAD TO KNOW THAT TH, SEP 25 2007  9:31PM, HSINCHU, 8055532
294609962, WISHING UT WOULDNT, SEP 26 2007  3:01PM, HSINCHU, 8055532
295261592, EVERYWHERE YOU WANT, SEP 26 2007  9:28PM, HSINCHU, 8055532
295841802, EVERYWHERE YOU WANT, SEP 27 2007  3:54AM, HSINCHU, 8055532
296506492, AWAKE EARLY, SEP 27 2007 11:46AM, HSINCHU, 8055532
296569842, THE ONE THAT YOU WAN, SEP 27 2007 12:28PM, HSINCHU, 8055532
297566222, JUST WAKING UP FROM, SEP 27 2007 10:27PM, HSINCHU, 8055532
298091392, THE ONE YOURE LOOKI, SEP 28 2007  3:44AM, HSINCHU, 8055532
298242092, ZZZZZZZ, SEP 28 2007  5:16AM, HSINCHU, 8055532
298828952, WONDERING WHY HE WAS, SEP 28 2007 11:53AM, HSINCHU, 8055532
300476932, WONDERING HOW ITS P, SEP 29 2007  5:39AM, HSINCHU, 8055532
301905632, GLAD THAT FACEBOOK S, SEP 29 2007 11:28PM, HSINCHU, 8055532
302200102, TELLING EVERYONE TO, SEP 30 2007  3:17AM, HSINCHU, 8055532
302201792, GOING TO BED, SEP 30 2007  3:18AM, HSINCHU, 8055532
302833682, GOING TO MAKE YOUR D, SEP 30 2007 12:16PM, HSINCHU, 8055532
303465332, YOUR DEEPEST DESIRE, SEP 30 2007  7:29PM, HSINCHU, 8055532
303518592, MMM INSTANT YAKISO, SEP 30 2007  8:06PM, HSINCHU, 8055532
304968532, CONFUSED, OCT  1 2007  1:47PM, HSINCHU, 8055532
305323582, READY FOR THIS SEMES, OCT  1 2007  5:06PM, HSINCHU, 8055532
305705022, CONFUSED WHY FLOCK I, OCT  1 2007  9:01PM, HSINCHU, 8055532
305794752, NOT SURE WHAT HE NEE, OCT  1 2007 10:00PM, HSINCHU, 8055532
306300212, NOT ABLE TO GO TO DU, OCT  2 2007  3:27AM, HSINCHU, 8055532
306371692, THINKING THAT IT WAS, OCT  2 2007  4:11AM, HSINCHU, 8055532
307952782, AMAZED THAT YOU CAN, OCT  2 2007  9:06PM, HSINCHU, 8055532
308528372, FRUSTRATED THAT YOUT, OCT  3 2007  3:21AM, HSINCHU, 8055532
309645772, MAYBE COMING UP WITH, OCT  3 2007  3:28PM, HSINCHU, 8055532
309822052, EXCITED THAT THE TD, OCT  3 2007  5:01PM, HSINCHU, 8055532
310172282, TIRED, OCT  3 2007  8:18PM, HSINCHU, 8055532
310290712, THINKING ITS TOO HO, OCT  3 2007  9:41PM, HSINCHU, 8055532
310305322, LIKE HIMSELF ON, OCT  3 2007  9:51PM, HSINCHU, 8055532
311918672, ENCOURAGING EVERYONE, OCT  4 2007  2:24PM, HSINCHU, 8055532
312810142, THINKING THAT WAS A, OCT  4 2007 10:10PM, HSINCHU, 8055532
315259962, FEELING CONFUSED AND, OCT  5 2007 10:37PM, HSINCHU, 8055532
315260822, JF NBDCGHI MH RR, OCT  5 2007 10:37PM, HSINCHU, 8055532
315755252, BRIMMING WITH IDEAS, OCT  6 2007  5:22AM, HSINCHU, 8055532
315824072, GOING TO BED BECAUS, OCT  6 2007  6:23AM, HSINCHU, 8055532
316430412, EXCITED FOR GENERAL, OCT  6 2007  2:37PM, HSINCHU, 8055532
316776552, SO HAPPY THAT THE SC, OCT  6 2007  6:20PM, HSINCHU, 8055532
318231912, UNHAPPY THAT GECKO H, OCT  7 2007  2:06PM, HSINCHU, 8055532
318573042, LOVING GENERAL CONFE, OCT  7 2007  5:44PM, HSINCHU, 8055532
319326712, THINKING THAT THE FL, OCT  8 2007  2:41AM, HSINCHU, 8055532
320170842, NOT SURE WHAT HES D, OCT  8 2007 12:35PM, HSINCHU, 8055532
321178662, WANTING EVERYONE ELS, OCT  8 2007  9:21PM, HSINCHU, 8055532
323598802, LEARNING XUL, OCT  9 2007  8:13PM, HSINCHU, 8055532
323683592, BLA BLA BLA, OCT  9 2007  9:07PM, HSINCHU, 8055532
323757042, SICK OF GOOGLE EARTH, OCT  9 2007  9:44PM, HSINCHU, 8055532
324168192, WONDERING HOW HE EVE, OCT 10 2007  1:33AM, HSINCHU, 8055532
325870102, WANTING TO SLEEP, OCT 10 2007  5:03PM, HSINCHU, 8055532
326370402, UMM YEAH OK, OCT 10 2007  9:19PM, HSINCHU, 8055532
326694762, FEELING STUPID THAT, OCT 11 2007 12:30AM, HSINCHU, 8055532
326813782, GLAD HE JUST WON A G, OCT 11 2007  1:31AM, HSINCHU, 8055532
329417902, HOPING THAT THE CRAC, OCT 12 2007 12:21AM, HSINCHU, 8055532
329746062, HOPING THIS COOL WEA, OCT 12 2007  3:36AM, HSINCHU, 8055532
330948772, NOT SURE WHAT KIND O, OCT 12 2007  3:14PM, HSINCHU, 8055532
332200972, NOT PLEASED WITH USP, OCT 13 2007  3:04AM, HSINCHU, 8055532
334773072, EXCITED ABOUT THE AP, OCT 14 2007 10:39AM, HSINCHU, 8055532
337156962, LOVING BEAGLE WHAT, OCT 15 2007 12:37PM, HSINCHU, 8055532
337454642, WONDERING HOW OFTEN, OCT 15 2007  3:04PM, HSINCHU, 8055532
338320912, NOT THE FA, OCT 15 2007 11:06PM, HSINCHU, 8055532
340746602, THINKING HIS NEW WAC, OCT 16 2007  9:09PM, HSINCHU, 8055532
340906632, CHECKING OUT COMPETI, OCT 16 2007 10:36PM, HSINCHU, 8055532
341364482, SLEEPING YEAH I KN, OCT 17 2007  2:59AM, HSINCHU, 8055532
342272482, READY FOR THE DAY, OCT 17 2007 12:05PM, HSINCHU, 8055532
342318902, JUST NOTICING HOW FR, OCT 17 2007 12:31PM, HSINCHU, 8055532
342679102, AT SCHOOL, OCT 17 2007  3:15PM, HSINCHU, 8055532
342899572, VERY SORRY HE ANNOYE, OCT 17 2007  4:52PM, HSINCHU, 8055532
343471742, STARTING TO GET THE, OCT 17 2007  9:44PM, HSINCHU, 8055532
343600662, AMAZED THAT SOMEONE, OCT 17 2007 10:55PM, HSINCHU, 8055532
344075872, ALMOST DONE WATCHING, OCT 18 2007  3:18AM, HSINCHU, 8055532
345086772, GO TO HTTPWWWAPP, OCT 18 2007  1:33PM, HSINCHU, 8055532
348590542, GOING TO HOUSTON, OCT 19 2007  7:44PM, HSINCHU, 8055532
348937112, AMAZED THAT APPLE ST, OCT 19 2007 11:03PM, HSINCHU, 8055532
349553952, LOVING FLOCK, OCT 20 2007  5:56AM, HSINCHU, 8055532
350431282, WONDERING WHEN PEOPL, OCT 20 2007  3:39PM, HSINCHU, 8055532
350845072, GOING TO TAKE A NAP, OCT 20 2007  7:48PM, HSINCHU, 8055532
351112382, WAITING, OCT 20 2007 10:54PM, HSINCHU, 8055532
351355072, VERY PASSIONATE ABOU, OCT 21 2007  1:47AM, HSINCHU, 8055532
352710312, HALFWAY HOME, OCT 21 2007  5:43PM, HSINCHU, 8055532
352863922, HOME IN AUSTIN, OCT 21 2007  7:17PM, HSINCHU, 8055532
354723492, WONDERING WHY THIS C, OCT 22 2007  2:05PM, HSINCHU, 8055532
354799782, NEVER GOING TO WRITE, OCT 22 2007  2:40PM, HSINCHU, 8055532
355532602, HARVESTING EMAILS I, OCT 22 2007  8:31PM, HSINCHU, 8055532
357432372, THINKING ICE CREAM R, OCT 23 2007  2:25PM, HSINCHU, 8055532
358958822, EXPERIENCING DIMINIS, OCT 24 2007  3:20AM, HSINCHU, 8055532
359003832, HTTPWWWOOGAFILMS, OCT 24 2007  3:45AM, HSINCHU, 8055532
359275232, , OCT 24 2007  6:35AM, HSINCHU, 9647362
361441732, BUSTED  I GUESS, OCT 24 2007 11:12PM, HSINCHU, 8055532
364177232, WATCHING VAN HELSING, OCT 25 2007 11:13PM, HSINCHU, 8055532
364444692, HTTPWWWOOGAFILMS, OCT 26 2007  1:42AM, HSINCHU, 8055532
364666512, NOT SURE WHY PEOPLE, OCT 26 2007  3:43AM, HSINCHU, 8055532
365932762, GRATEFUL THAT PATTI, OCT 26 2007  3:25PM, HSINCHU, 8055532
366479212, DIGGING GMAIL WITH I, OCT 26 2007  7:32PM, HSINCHU, 8055532
368027462, FILMING ANOTHER JOE, OCT 27 2007 12:40PM, HSINCHU, 8055532
368655962, HAPPY WITH HOW FILMI, OCT 27 2007  6:35PM, HSINCHU, 8055532
371783152, , OCT 29 2007  4:52AM, HSINCHU, 8055532
373583732, IM SICK OF THE IS, OCT 29 2007  9:27PM, HSINCHU, 8055532
375015442, I WISH I KNEW WHAT T, OCT 30 2007  1:09PM, HSINCHU, 8055532
375040142, TIME TO UPGRADE TO G, OCT 30 2007  1:21PM, HSINCHU, 8055532
376224292, GUTSY GIBBON IS LOOK, OCT 30 2007 11:11PM, HSINCHU, 8055532
377974612, WRITING A NEW PROGRA, OCT 31 2007  2:55PM, HSINCHU, 8055532
378865712, MY MONITOR IS STARTI, OCT 31 2007  9:45PM, HSINCHU, 8055532
381527542, RECENTLY UPGRADED TO, NOV  1 2007  9:49PM, HSINCHU, 8055532
381860802, SINCE UPGRADING TO G, NOV  2 2007 12:34AM, HSINCHU, 8055532
381900062, READY, NOV  2 2007 12:55AM, HSINCHU, 8055532
382267392, TIME FOR BED TOMORR, NOV  2 2007  4:14AM, HSINCHU, 8055532
383119812, GOTTA LOVE THAT FRID, NOV  2 2007  1:02PM, HSINCHU, 8055532
383175532, FLOCK  FINAL IS O, NOV  2 2007  1:29PM, HSINCHU, 8055532
383219042, FLOCK  IS NOW WOR, NOV  2 2007  1:47PM, HSINCHU, 8055532
384269792, THE EYES ARE THE GR, NOV  2 2007 10:02PM, HSINCHU, 8055532
384763712, I FINALLY BEAT THE H, NOV  3 2007  3:16AM, HSINCHU, 8055532
386299352, I JUST SLEPT AWAY MY, NOV  3 2007 10:21PM, HSINCHU, 8055532
386538182, YOU SHOULD MEET MY R, NOV  4 2007  1:06AM, HSINCHU, 8055532
388567422, IM TRYING TO LISTEN, NOV  5 2007  1:09AM, HSINCHU, 8055532
388591982, TRYING TO LISTEN TO, NOV  5 2007  1:24AM, HSINCHU, 8055532
388733152, I REALLY WISH I HAD, NOV  5 2007  2:52AM, HSINCHU, 8055532
388954752, I AM DONE WITH MY HO, NOV  5 2007  5:21AM, HSINCHU, 8055532
389918112, MONDAY BLEGH, NOV  5 2007  3:05PM, HSINCHU, 8055532
390288122, WHY DO SOME PEOPLE T, NOV  5 2007  6:04PM, HSINCHU, 8055532
391507182, , NOV  6 2007  5:16AM, HSINCHU, 9647362
392586042, HAPPY DAYS ARE HERE, NOV  6 2007  2:57PM, HSINCHU, 8055532
393940592, SWEET I FINISHED MY, NOV  7 2007  1:30AM, HSINCHU, 8055532
395565652, ANOTHER DAY ANOTHER, NOV  7 2007  3:56PM, HSINCHU, 8055532
397110332, I WOULD NEVER REBUFF, NOV  8 2007  4:15AM, HSINCHU, 8055532
398093872, BEFORE AM I LEARNE, NOV  8 2007  1:21PM, HSINCHU, 8055532
401329512, VOTE FOR CROSSWALK, NOV  9 2007  4:08PM, HSINCHU, 8055532
403793032, VOTING IS DONE CROS, NOV 10 2007  4:24PM, HSINCHU, 8055532
406979172, WHY DID CINDY CRAWFO, NOV 12 2007  3:03AM, HSINCHU, 8055532
409642972, I AM SO FREAKING EXC, NOV 13 2007  1:07AM, HSINCHU, 8055532
409886112, SISTER TOWNSENDS PE, NOV 13 2007  3:11AM, HSINCHU, 8055532
411105312, I JUST HAD AN EPIPHA, NOV 13 2007  2:10PM, HSINCHU, 8055532
412098612, I REALLY WISH I COUL, NOV 13 2007  9:23PM, HSINCHU, 8055532
412969822, IT WILL BE A HAPPY D, NOV 14 2007  4:38AM, HSINCHU, 8055532
416841012, IT WORKS, NOV 15 2007  2:19PM, HSINCHU, 8055532
418294432, AT  MPH THE WIND C, NOV 16 2007  3:37AM, HSINCHU, 8055532
419222362, I GOT THE TOP SCORE, NOV 16 2007  1:30PM, HSINCHU, 8055532
420091182, NEW GLOVES MAKE ME H, NOV 16 2007  9:06PM, HSINCHU, 8055532
420941672, DANCING MAKES ME HAP, NOV 17 2007  6:11AM, HSINCHU, 8055532
423101122, APPARENTLY BOWLING B, NOV 18 2007  6:18AM, HSINCHU, 8055532
424350212, I DONT THINK PRACTI, NOV 18 2007  8:30PM, HSINCHU, 8055532
425909402, , NOV 19 2007 11:42AM, HSINCHU, 9647362
429144972, GEOFF IS BECOMING IR, NOV 20 2007  1:58PM, HSINCHU, 8055532
429399502, STUPID DSL WITH ITS, NOV 20 2007  3:37PM, HSINCHU, 8055532
429534252, PIRATES VS NINJAS H, NOV 20 2007  4:27PM, HSINCHU, 8055532
431184052, IM GOING TO TEMPLE, NOV 21 2007  5:42AM, HSINCHU, 8055532
431368962, TO SLEEP PERCHANCE, NOV 21 2007  7:34AM, HSINCHU, 8055532
432519392, SLEEPING IN IS GOOD, NOV 21 2007  4:42PM, HSINCHU, 8055532
433606222, PLAYING WITH MY NEPH, NOV 22 2007  1:07AM, HSINCHU, 8055532
434143552, FAMILY TIME IS GOOD, NOV 22 2007  5:59AM, HSINCHU, 8055532
438569902, I ALWAYS ASSUMED THA, NOV 23 2007  8:56PM, HSINCHU, 8055532
441144922, WATCHING CARTOONS AL, NOV 25 2007 12:15AM, HSINCHU, 8055532
442684902, GOING HOME, NOV 25 2007  5:05PM, HSINCHU, 8055532
443222882, BACK HOME IN AUSTIN, NOV 25 2007 10:10PM, HSINCHU, 8055532
443852742, ITS ABOUT TIME YEA, NOV 26 2007  3:43AM, HSINCHU, 8055532
447260492, I LOVE THE WII, NOV 27 2007  6:28AM, HSINCHU, 8055532
450195012, IS IT WEIRD THAT I A, NOV 28 2007  4:10AM, HSINCHU, 8055532
453326492, WII SPORTS MAKES MY, NOV 29 2007  4:12AM, HSINCHU, 8055532
455149342, I REALLY SHOULD STOP, NOV 29 2007  5:57PM, HSINCHU, 8055532
457580742, FRIDAY FORUM TODAY, NOV 30 2007  1:35PM, HSINCHU, 8055532
459213642, PACKING REALLY WORKS, DEC  1 2007 12:55AM, HSINCHU, 8055532
459577692, HOW COULD I PACK UP, DEC  1 2007  4:28AM, HSINCHU, 8055532
459604932, PACKING UP THE COMPU, DEC  1 2007  4:45AM, HSINCHU, 8055532
460740262, ALL MOVED IN TO THE, DEC  1 2007  5:05PM, HSINCHU, 8055532
462677322, IVE GOT A LOVELY BU, DEC  2 2007  1:46PM, HSINCHU, 8055532
465336122, CATCHING UP ON EPISO, DEC  3 2007  1:29PM, HSINCHU, 9366872
465339452, I HATE NOKIA PHONES, DEC  3 2007  1:30PM, HSINCHU, 9366872
467187082, I GOT LEGOS, DEC  4 2007  3:27AM, HSINCHU, 8055532
475413592, ITS TIME, DEC  6 2007  4:17PM, HSINCHU, 8055532
480606162, STAKE CHRISTMAS CONC, DEC  8 2007  8:37AM, HSINCHU, 8055532
482903372, THIS HAS BEEN A SLEE, DEC  9 2007  7:46AM, HSINCHU, 8055532
485279162, FULL BUILDING EVACUA, DEC 10 2007  3:32AM, HSINCHU, 9366872
488844002, A CLEAN KEYBOARD MAK, DEC 11 2007  4:25AM, HSINCHU, 8055532
492327892, IVE HAD ENOUGH OF F, DEC 12 2007  3:42AM, HSINCHU, 8055532
495574912, HAPPY DAYS ARE HERE, DEC 13 2007  1:45AM, HSINCHU, 8055532
497811832, I THINK I SHOULDNT, DEC 13 2007  5:37PM, HSINCHU, 8055532
498904182, WHY IS WT THE WORD, DEC 14 2007 12:53AM, HSINCHU, 8055532
499187752, RODDS GOT ACCESS TO, DEC 14 2007  2:52AM, HSINCHU, 8055532
503789132, AND IT CAME TO PASS, DEC 15 2007  4:12PM, HSINCHU, 8055532
506046292, AND THIS TAXING WAS, DEC 16 2007  2:54PM, HSINCHU, 8055532
508568542, AND ALL WENT TO BE T, DEC 17 2007  7:42PM, HSINCHU, 8055532
510084252, AND JOSEPH ALSO WENT, DEC 18 2007  6:46AM, HSINCHU, 8055532
513393522, TO BE TAXED WITH MAR, DEC 19 2007  6:21AM, HSINCHU, 8055532
516583012, READING REVIEW OF WI, DEC 20 2007  4:18AM, HSINCHU, 9366872
516880092, CHRISTMAS DRINKS WIT, DEC 20 2007  6:50AM, HSINCHU, 9366872
516887992, AND SO IT WAS THAT, DEC 20 2007  6:55AM, HSINCHU, 8055532
517226652, ENJOYING A NUMBER OF, DEC 20 2007  9:48AM, HSINCHU, 9366872
519123132, RECOVERING FROM CHRI, DEC 20 2007 10:04PM, HSINCHU, 9366872
542059982, ENJOYING BREAKFAST I, DEC 28 2007 10:59PM, HSINCHU, 9366872
543526532, RELAXING AT A FRENCH, DEC 29 2007 11:37AM, HSINCHU, 9366872
550821182, PREPARING TO HEAD OU, DEC 31 2007 11:42PM, HSINCHU, 9366872
563392682, GETTING READY FOR DA, JAN  4 2008 10:14PM, HSINCHU, 9366872
582307042, BACK AT WORK, JAN 10 2008  4:58AM, HSINCHU, 9366872
602148972, I AM WAITING FOR MY, JAN 15 2008  4:05PM, HSINCHU, 12279742
602211132, LISTO PARA LA MACWOR, JAN 15 2008  4:23PM, HSINCHU, 12279742
602238362, MIN TO GO Y MUY E, JAN 15 2008  4:29PM, HSINCHU, 12279742
602293682, REVISANDO LOS BLOGS, JAN 15 2008  4:42PM, HSINCHU, 12279742
602304332, NO ENTIENDO EL DE WI, JAN 15 2008  4:45PM, HSINCHU, 12279742
602348342, MINUTOS, JAN 15 2008  4:55PM, HSINCHU, 12279742
602350752, MAC LIFE Y APPLEGAZE, JAN 15 2008  4:56PM, HSINCHU, 12279742
602375302, YA LISTOS LA FILA, JAN 15 2008  5:01PM, HSINCHU, 12279742
602381402, LA NOVIA MOLESTA, JAN 15 2008  5:03PM, HSINCHU, 12279742
604277182, TERMINANDO DE VER LA, JAN 16 2008  6:04AM, HSINCHU, 12279742
604277922, SIGO IMPRESIONADO, JAN 16 2008  6:04AM, HSINCHU, 12279742
652214622, REGRESANDO POCO A PO, JAN 28 2008  8:54PM, HSINCHU, 12279742
652224482, HAMBRIENTO, JAN 28 2008  8:58PM, HSINCHU, 12279742
767267453, PREPARING TO HEAD DO, MAR  5 2008 11:07PM, HSINCHU, 9366872
767276467, FALSE ALARM GOT TO, MAR  5 2008 11:33PM, HSINCHU, 9366872
784587610, SITTING AT MY COMPUT, APR  7 2008  7:21PM, HSINCHU, 14326018
784595257, THINKING ABOUT WHAT, APR  7 2008  7:35PM, HSINCHU, 14326018
787248526, SITTING  PANERA BRE, APR 11 2008  3:32PM, HSINCHU, 14326018
796834871, GETTING READY FOR TH, APR 25 2008  4:05PM, HSINCHU, 14326018
801927449, BARS AND OTHER HOT, MAY  2 2008  3:02PM, HSINCHU, 14326018
801927835, MUSICIANS ARE GETTIN, MAY  2 2008  3:02PM, HSINCHU, 14326018
804614232, DOWNTOWN ROCHESTER S, MAY  6 2008 12:14PM, HSINCHU, 14326018
806865217, HMM LOOKS LIKE THE R, MAY  9 2008  1:26AM, HSINCHU, 9366872
806919091, NEWS READER SIGHTING, MAY  9 2008  3:00AM, HSINCHU, 9366872
808945495, IS IT BECAUSE IM US, MAY 12 2008 12:30AM, HSINCHU, 9366872
809000064, I FORGOT TO BRING MY, MAY 12 2008  2:17AM, HSINCHU, 9366872
809135436, SENT OFF AN APPLICAT, MAY 12 2008  7:11AM, HSINCHU, 9366872
811484032, ABOUT TO HELP SOMEON, MAY 14 2008 10:16PM, HSINCHU, 14326018
811490212, HELLO, MAY 14 2008 11:17PM, HSINCHU, 14326018
811491192, ABOUT TO WATCH THE R, MAY 14 2008 11:27PM, HSINCHU, 14326018
811491511, ABOUT TO WATCH THE R, MAY 14 2008 11:30PM, HSINCHU, 14326018
814500549, INTERESTING POST ABO, MAY 18 2008 11:44PM, HSINCHU, 9366872
814662811, NO RESPONSE TO ROR J, MAY 19 2008  5:02AM, HSINCHU, 9366872
815387170, HAVING TO USE M WIN, MAY 20 2008  1:10AM, HSINCHU, 9366872
815455238, IF THE ITABLET RUM, MAY 20 2008  2:57AM, HSINCHU, 9366872
816283256, BOUGHT ME A USB FLAS, MAY 21 2008  4:35AM, HSINCHU, 9366872
817092792, BOUGHT SOME CREDITS, MAY 22 2008  3:27AM, HSINCHU, 9366872
817827612, ANYONE KNOW OF SOFTW, MAY 22 2008 10:59PM, HSINCHU, 9366872
817928571, IDEA FOR A LEARN RUB, MAY 23 2008  2:13AM, HSINCHU, 9366872
818845147, HAVING WATCHED RAILS, MAY 24 2008  7:16AM, HSINCHU, 9366872
819977786, ANYONE KNOW AND GOOD, MAY 26 2008  6:03AM, HSINCHU, 9366872
820610986, WHY ARE THERE NO HAC, MAY 27 2008  3:17AM, HSINCHU, 9366872
821339854, LINUX KERNEL FRAMEBU, MAY 28 2008  1:09AM, HSINCHU, 9366872
830878542, LOL DANWOOD, JUN  9 2008 10:48PM, HSINCHU, 9366872
830878906, IPHONE FINALLY COMIN, JUN  9 2008 10:48PM, HSINCHU, 9366872
830884267, PUT A HOLDING DEPOSI, JUN  9 2008 10:58PM, HSINCHU, 9366872
830953435, SUMMIZE IS GREAT FOR, JUN 10 2008 12:59AM, HSINCHU, 9366872
830955522, I DEARLY HOPE THAT T, JUN 10 2008  1:02AM, HSINCHU, 9366872
830997543, HTTPIPHONEVODAFO, JUN 10 2008  2:15AM, HSINCHU, 9366872
831996314, OFF TO MELBOURNE PER, JUN 11 2008  8:02AM, HSINCHU, 9366872
832552037, VODAFONE FINALLY HAV, JUN 11 2008 10:49PM, HSINCHU, 9366872
832712971, GIZMODO TOLD BY OPTU, JUN 12 2008  3:23AM, HSINCHU, 9366872
832831385, GOT A HOLDING DEPOSI, JUN 12 2008  7:31AM, HSINCHU, 9366872
833415380, TELSTRA THREATEN TO, JUN 12 2008 11:15PM, HSINCHU, 9366872
833419918, A FRIEND IS ON HER, JUN 12 2008 11:23PM, HSINCHU, 9366872
835678050, WHAT WOULD BE THE BE, JUN 16 2008  3:28AM, HSINCHU, 9366872
835797985, GRABBED A PDF COPY O, JUN 16 2008  7:52AM, HSINCHU, 9366872
837803189, FLUID IS REALLY GREA, JUN 18 2008  2:11PM, HSINCHU, 8055532
838368899, THIS ARDAGENT PRIVIL, JUN 19 2008  4:14AM, HSINCHU, 9366872
838586305, YAY FOR ANOTHER SUCC, JUN 19 2008 11:37AM, HSINCHU, 9366872
839560862, I THINK THAT TRAVELL, JUN 20 2008  3:04PM, HSINCHU, 8055532
840113634, ENJOYING  YEAR ANNI, JUN 21 2008  6:58AM, HSINCHU, 9366872
842167501, GREAT FIRST VODAFON, JUN 24 2008  3:41AM, HSINCHU, 9366872
843046632, TRYING OPERA  ON, JUN 25 2008  6:20AM, HSINCHU, 9366872
844567838, THIS IS INTERESTING, JUN 27 2008 12:34AM, HSINCHU, 9366872
844656138, HAVING  WISDOM TEET, JUN 27 2008  3:17AM, HSINCHU, 9366872
846704206, IPHONE G ON TELSTRA, JUN 30 2008  6:35AM, HSINCHU, 9366872
846835261, INTERESTING COMMENTS, JUN 30 2008 11:41AM, HSINCHU, 9366872
848576948, IM TESTING YOONO, JUL  2 2008  5:18PM, HSINCHU, 8055532
849004862, HOORAY OPTUS FINALLY, JUL  3 2008  5:05AM, HSINCHU, 9366872
849008012, OPTUS INCLUDES FREE, JUL  3 2008  5:11AM, HSINCHU, 9366872
849514239, IM AMAZED AT HOW MA, JUL  3 2008  7:31PM, HSINCHU, 8055532
849818157, HAPPY INDEPENDENCE D, JUL  4 2008  5:28AM, HSINCHU, 8055532
849857404, HOW COME OPTUS ANNOU, JUL  4 2008  6:55AM, HSINCHU, 9366872
849873607, IS THERE ANYTHING LI, JUL  4 2008  7:33AM, HSINCHU, 9366872
851580949, IN THE ABSENCE OF EN, JUL  7 2008 12:09AM, HSINCHU, 9366872
852370893, DAYS TO GO AND STI, JUL  7 2008 11:09PM, HSINCHU, 9366872
852472927, SENT AN EMAIL TO VOD, JUL  8 2008  2:04AM, HSINCHU, 9366872
852637276, THIS IS A GOOD SUMMA, JUL  8 2008  7:58AM, HSINCHU, 9366872
854433123, OFF TO MELBOURNECOC, JUL 10 2008  7:43AM, HSINCHU, 9366872
854544862, CHECKED SOUTH MELBOU, JUL 10 2008 11:33AM, HSINCHU, 9366872
854964806, TH IN LINE AT SOUTH, JUL 10 2008  7:55PM, HSINCHU, 9366872
854967428, DM QUAMEN TH IN LIN, JUL 10 2008  7:58PM, HSINCHU, 9366872
854973872, NOW  IN THE LINE H, JUL 10 2008  8:06PM, HSINCHU, 9366872
854974249, OPTUS SHOP HAVE SET, JUL 10 2008  8:07PM, HSINCHU, 9366872
854990562, VODAFONE VS OPTUS, JUL 10 2008  8:27PM, HSINCHU, 9366872
855000573, FILLED IN FORM TO GE, JUL 10 2008  8:40PM, HSINCHU, 9366872
855006458, THIS IS BULLSHIT TH, JUL 10 2008  8:48PM, HSINCHU, 9366872
855059448, GB WHITE IPHONE SE, JUL 10 2008  9:58PM, HSINCHU, 9366872
855584577, WTF IVE COUNTED  F, JUL 11 2008 12:36PM, HSINCHU, 9366872
857142967, HEHE DESIGN POLICE H, JUL 13 2008 10:54AM, HSINCHU, 9366872
857673338, TWITTELATOR SEEMS TO, JUL 14 2008  3:08AM, HSINCHU, 9366872
857792275, ANYONE KNOW HOW TO A, JUL 14 2008  6:57AM, HSINCHU, 9366872
857819429, GRR NOW MY CORELOCAT, JUL 14 2008  7:55AM, HSINCHU, 9366872
858482633, GETTING LOCATION SER, JUL 14 2008 11:27PM, HSINCHU, 9366872
858577392, READ THE IPHONE USER, JUL 15 2008  1:53AM, HSINCHU, 9366872
858763869, INTERESTING BITS FRO, JUL 15 2008  6:56AM, HSINCHU, 9366872
860580982, IM HICCUPPING UNCON, JUL 17 2008  4:01AM, HSINCHU, 15463525
860740561, RECOVERING AFTER HAV, JUL 17 2008  9:51AM, HSINCHU, 9366872
861461564, HTTPTWITPICCOM, JUL 18 2008 12:51AM, HSINCHU, 9366872
861562932, TESTING TWINKLE MUS, JUL 18 2008  3:12AM, HSINCHU, 9366872
861565203, NEVER MIND SEEMS TO, JUL 18 2008  3:16AM, HSINCHU, 9366872
861566902, REPEATABLE TWINKLE C, JUL 18 2008  3:18AM, HSINCHU, 9366872
861681545, NICE APP STORE BUG, JUL 18 2008  9:49AM, HSINCHU, 9366872
862650362, CREANDO EL TWITTER E, JUL 19 2008 11:13AM, HSINCHU, 15491731
863981849, FIRST REAL DAY IN NE, JUL 21 2008  7:53AM, HSINCHU, 9366872
864088025, BLOG POST MY IPHONE, JUL 21 2008 11:44AM, HSINCHU, 9366872
864753641, SOME GUY AT MOZILLA, JUL 22 2008  3:33AM, HSINCHU, 9366872
864757615, THERES A GEOHASHING, JUL 22 2008  3:39AM, HSINCHU, 9366872
868547107, GRABANDO UN CD DE MI, JUL 25 2008 10:48PM, HSINCHU, 15491731
868920033, PREPARANDO LA MALETA, JUL 26 2008 11:38AM, HSINCHU, 15491731
870188746, I AM NOW AN ADC SELE, JUL 28 2008  2:51AM, HSINCHU, 9366872
870218563, MY MAC ON FLINDERS F, JUL 28 2008  3:38AM, HSINCHU, 9366872
871405926, MAC PRO ORDERED WITH, JUL 29 2008  9:35AM, HSINCHU, 9366872
873254803, BACK TO WORK AFTER L, JUL 31 2008  3:11AM, HSINCHU, 9366872
873405348, QUEBRANDOME LA CABEZ, JUL 31 2008  7:25AM, HSINCHU, 15491731
873433575, OFF TO MELBOURNE RUB, JUL 31 2008  8:23AM, HSINCHU, 9366872
873638250, HEADING HOME FROM RU, JUL 31 2008  1:54PM, HSINCHU, 9366872
874105049, MY ADC ORIENTATION P, JUL 31 2008 10:14PM, HSINCHU, 9366872
874238781, RAM AND HD ARRIVED F, AUG  1 2008  1:14AM, HSINCHU, 9366872
874377214, EATING A PIE AND POT, AUG  1 2008  4:26AM, HSINCHU, 9366872
874550430, GENERALLY DONT LIKE, AUG  1 2008  9:57AM, HSINCHU, 9366872
874551656, GRRR WHY IS THE PAYP, AUG  1 2008  9:59AM, HSINCHU, 9366872
874613599, MAC PRO SHIPPED, AUG  1 2008 11:53AM, HSINCHU, 9366872
875974086, C REGISTRATION I, AUG  2 2008 11:34PM, HSINCHU, 9366872
876283916, SOLD  YEAR OLD RD, AUG  3 2008 10:20AM, HSINCHU, 9366872
877711820, WAITING AT HOME FOR, AUG  4 2008 11:37PM, HSINCHU, 9366872
877712308, GOOGLE STREET VIEW N, AUG  4 2008 11:38PM, HSINCHU, 9366872
877869247, NEW MAC ARRIVED AT, AUG  5 2008  3:05AM, HSINCHU, 9366872
877889539, HTTPTWITPICCOM, AUG  5 2008  3:32AM, HSINCHU, 9366872
879699415, DE VUELTA EN GUADIX, AUG  6 2008  8:39PM, HSINCHU, 15491731
879890300, YAY FOR BUILDING EVA, AUG  7 2008 12:46AM, HSINCHU, 9366872
879901724, YAY FOR WHOLE BUILDI, AUG  7 2008  1:02AM, HSINCHU, 9366872
880230470, COOL TABLE DECORATIO, AUG  7 2008  9:56AM, HSINCHU, 9366872
881204943, , AUG  8 2008  5:58AM, HSINCHU, 15774880
881414659, BEN SUCKS HES GOIN, AUG  8 2008 12:18PM, HSINCHU, 9366872
881492970, I BROKE JO OOPS, AUG  8 2008  1:38PM, HSINCHU, 9366872
881495933, I LIT THE OVEN YAY, AUG  8 2008  1:41PM, HSINCHU, 9366872
881592503, I JUST REALIZED I HA, AUG  8 2008  3:12PM, HSINCHU, 8055532
883791534, CANT BELIEVE THERE, AUG 11 2008  3:48AM, HSINCHU, 9366872
883909315, RAINBOW IN MELBOURNE, AUG 11 2008  7:19AM, HSINCHU, 9366872
884244462, HE ESTADO EN UN CAMP, AUG 11 2008  3:47PM, HSINCHU, 15491731
885073332, AWESOME GEEKY BUSINE, AUG 12 2008 10:47AM, HSINCHU, 9366872
885120160, NEW BLOG POST PONDE, AUG 12 2008 12:06PM, HSINCHU, 9366872
885541531, I DONT FIND MYSELF, AUG 12 2008  7:40PM, HSINCHU, 8055532
886101101, OFF TO MELBOURNE PER, AUG 13 2008  8:12AM, HSINCHU, 9366872
887169494, HTTPTWITPICCOM, AUG 14 2008  7:48AM, HSINCHU, 9366872
887603477, THOSE JAPANESE VOLLE, AUG 14 2008  5:23PM, HSINCHU, 8055532
888189350, HELLO FROM THE FSCR, AUG 15 2008  5:34AM, HSINCHU, 9366872
888341653, PUES FIJATE TU QUE A, AUG 15 2008 10:48AM, HSINCHU, 15491731
888936041, STUCK IN A TRAFFIC J, AUG 15 2008 10:50PM, HSINCHU, 8055532
888998197, NOTHING LIKE A ROUTE, AUG 16 2008 12:21AM, HSINCHU, 8055532
890847588, GRR OPTUS G BROKEN, AUG 18 2008  7:50AM, HSINCHU, 9366872
895418755, OFF TO KLASSIC KANDY, AUG 22 2008 12:03PM, HSINCHU, 9366872
896637969, JE ME PRELASSE SUR L, AUG 24 2008  1:05AM, HSINCHU, 14163678
897234018, JECRIS UN ARTICLE C, AUG 24 2008  7:14PM, HSINCHU, 14163678
897658195, SE ACERCAN LA FERIA, AUG 24 2008 10:55PM, HSINCHU, 15491731
898743793, ENTRENAMIENTO MICHAE, AUG 25 2008 11:35PM, HSINCHU, 15491731
899219102, MISE A JOUR DES PREC, AUG 26 2008  7:43PM, HSINCHU, 14163678
899556611, I AM SO VERY TIRED, AUG 26 2008  5:32PM, HSINCHU, 8055532
899820877, LOOKS LIKE THE PEACE, AUG 26 2008 10:21PM, HSINCHU, 8055532
900520053, JE TRAVAILLE A LECR, AUG 27 2008 10:19PM, HSINCHU, 14163678
901448409, MELBOURNE RUBY USER, AUG 28 2008  8:32AM, HSINCHU, 9366872
902846015, JE VIENS DAVOIR UN, AUG 29 2008  9:01PM, HSINCHU, 14163678
904451130, , AUG 31 2008  1:41AM, HSINCHU, 16060889
904453280, , AUG 31 2008  1:45AM, HSINCHU, 16060889
904453542, , AUG 31 2008  1:45AM, HSINCHU, 16060889
904597131, , AUG 31 2008  5:46AM, HSINCHU, 16060889
904653336, , AUG 31 2008  7:58AM, HSINCHU, 16060889
904688489, , AUG 31 2008  9:26AM, HSINCHU, 16060889
905336405, , SEP  1 2008  2:50AM, HSINCHU, 16060889
905418160, , SEP  1 2008  4:49AM, HSINCHU, 16060889
905437220, , SEP  1 2008  5:20AM, HSINCHU, 16060889
905713255, X RENTREE SCOLAIRE, SEP  1 2008  9:21PM, HSINCHU, 14163678
905750092, I BETTER GET BACK TO, SEP  1 2008  2:06PM, HSINCHU, 8055532
905853091, DS, SEP  1 2008  3:59PM, HSINCHU, 16060889
906347798, ROGER, SEP  2 2008  2:17AM, HSINCHU, 16060889
906499003, , SEP  2 2008  5:53AM, HSINCHU, 16060889
906666646, , SEP  2 2008 11:03AM, HSINCHU, 16060889
906712120, GENIAL ROBINHO ESE, SEP  2 2008 12:10PM, HSINCHU, 15491731
906712917, Y DIGO MAS POR FIN, SEP  2 2008 12:11PM, HSINCHU, 15491731
908704995, EVERYONE SHOULD CHEC, SEP  3 2008 11:48PM, HSINCHU, 8055532
909266940, , SEP  4 2008 11:13AM, HSINCHU, 16060889
910120202, , SEP  5 2008  1:16AM, HSINCHU, 16060889
910174904, , SEP  5 2008  2:09AM, HSINCHU, 16060889
910276322, RY, SEP  5 2008  3:22AM, HSINCHU, 16060889
910345991, GOT TO LEAVE WORK EA, SEP  5 2008  4:43AM, HSINCHU, 9366872
910355297, , SEP  5 2008  4:56AM, HSINCHU, 16060889
910392105, , SEP  5 2008  5:53AM, HSINCHU, 16060889
910427860, HTTPBITLYKKK, SEP  5 2008  6:56AM, HSINCHU, 9366872
910559589, , SEP  5 2008 10:48AM, HSINCHU, 16060889
910613717, LOOKING FOR A DESIGN, SEP  5 2008 12:06PM, HSINCHU, 9366872
911464980, , SEP  6 2008  2:37AM, HSINCHU, 16060889
911671271, DEATH, SEP  6 2008  8:29AM, HSINCHU, 16060889
911811400, NOTRE FAMILLE A VECU, SEP  6 2008  9:25PM, HSINCHU, 14163678
913219916, QUE TRISTE ES LO BAJ, SEP  7 2008 11:41PM, HSINCHU, 15491731
913687892, , SEP  8 2008 10:53AM, HSINCHU, 16060889
914574490, , SEP  9 2008  2:04AM, HSINCHU, 16060889
914709526, , SEP  9 2008  4:45AM, HSINCHU, 16060889
914726420, MK, SEP  9 2008  5:10AM, HSINCHU, 16060889
914897924, , SEP  9 2008 10:12AM, HSINCHU, 16060889
916528754, IT SEEMS TO ME THAT, SEP 10 2008  3:39PM, HSINCHU, 8055532
919717465, , SEP 13 2008  2:54AM, HSINCHU, 16060889
919895778, , SEP 13 2008  7:40AM, HSINCHU, 16060889
919895863, , SEP 13 2008  7:40AM, HSINCHU, 16060889
920659739, , SEP 14 2008  2:15AM, HSINCHU, 16060889
921194173, ITS A BACKTOSCHO, SEP 14 2008  5:33PM, HSINCHU, 8055532
921227995, JUST ATE NOW CHILLI, SEP 15 2008  2:12AM, HSINCHU, 16285429
921259039, FINALLY GOT THE SMS, SEP 15 2008  2:47AM, HSINCHU, 16285429
921300475, WATCHING JERRY MCGUI, SEP 15 2008  3:39AM, HSINCHU, 16285429
921393851, SCHOOL IS TOMORROW, SEP 15 2008  5:40AM, HSINCHU, 16285429
921638659, OMFGZ IM BORED, SEP 15 2008 10:56AM, HSINCHU, 16285429
922608124, SCHOOL WAS FUUUN GE, SEP 16 2008  5:56AM, HSINCHU, 16285429
922996663, , SEP 16 2008  5:19AM, HSINCHU, 16060889
922996733, , SEP 16 2008  5:19AM, HSINCHU, 16060889
922996858, , SEP 16 2008  5:19AM, HSINCHU, 16060889
923864726, IM ON MYSPACE I NEE, SEP 17 2008  5:45AM, HSINCHU, 16285429
923987040, ITS SUPA PRETTY OUTS, SEP 17 2008  7:56AM, HSINCHU, 16285429
925140406, WITH SOME FRIENDS C, SEP 18 2008  5:19AM, HSINCHU, 16285429
925255233, I GOTS A NEW CAMERAA, SEP 18 2008  7:22AM, HSINCHU, 16285429
926690378, , SEP 19 2008  1:56AM, HSINCHU, 16060889
928014962, , SEP 20 2008  2:23AM, HSINCHU, 16060889
928138311, BACKUP UP STUFF ON M, SEP 20 2008  5:24AM, HSINCHU, 9366872
928173368, HTTPTWITPICCOMC, SEP 20 2008  6:36AM, HSINCHU, 9366872
930068791, , SEP 22 2008  5:15AM, HSINCHU, 16060889
930093096, W, SEP 22 2008  5:57AM, HSINCHU, 16060889
931047478, HAVE A REALLY BAD HE, SEP 23 2008  8:13AM, HSINCHU, 16285429
933822221, , SEP 25 2008  2:06AM, HSINCHU, 16060889
938306994, IS WORKING HER WAY T, SEP 28 2008  6:05PM, HSINCHU, 16500570
938672406, , SEP 29 2008  1:38AM, HSINCHU, 16060889
938874674, WISH, SEP 29 2008  5:58AM, HSINCHU, 16060889
938928219, HTTPTWITPICCOMD, SEP 29 2008  7:32AM, HSINCHU, 9366872
939071373, XHTML, SEP 29 2008 11:34AM, HSINCHU, 16060889
939496032, EL DISCO DE LA SEMAN, SEP 29 2008  5:53PM, HSINCHU, 8229592
939534287, SUCESION LOGICA DEL, SEP 29 2008  6:23PM, HSINCHU, 8229592
939650854, JET MAN CRUZA EL CAN, SEP 29 2008  7:53PM, HSINCHU, 8229592
939759546, COMO HACER UN SIDEBA, SEP 29 2008  9:23PM, HSINCHU, 8229592
939759579, EL MICROMUNDO DE NIK, SEP 29 2008  9:23PM, HSINCHU, 8229592
939879899, TOP  LIDERES DE IN, SEP 29 2008 11:22PM, HSINCHU, 8229592
940346796, ANADIR MYSFERA A FEE, SEP 30 2008  9:23AM, HSINCHU, 8229592
940381110, BLANCANIEVES DIVORCI, SEP 30 2008 10:22AM, HSINCHU, 8229592
940399755, CANCELADO EL SEMINAR, SEP 30 2008 10:52AM, HSINCHU, 8229592
940412493, PHOTO OF YARRA  MCG, SEP 30 2008 11:11AM, HSINCHU, 9366872
940496052, RECLAMO DE OPORTUNID, SEP 30 2008 12:52PM, HSINCHU, 8229592
940600293, IS EXCITED ABOUT FIN, SEP 30 2008  2:23PM, HSINCHU, 16500570
940601973, MODO JUICIO OFF LA, SEP 30 2008  2:24PM, HSINCHU, 8229592
940638164, ENTREVISTA EN INTERN, SEP 30 2008  2:53PM, HSINCHU, 8229592
940789881, EDITORIAL EN MYSFERA, SEP 30 2008  4:53PM, HSINCHU, 8229592
940927464, ELIAS NOTARIO EN OND, SEP 30 2008  6:53PM, HSINCHU, 8229592
940992742, KUBRICK EN SITGES A, SEP 30 2008  7:53PM, HSINCHU, 8229592
940992765, ADIOS A LOS MEJORES, SEP 30 2008  7:53PM, HSINCHU, 8229592
940992787, HOMENAJE A JOHN CARP, SEP 30 2008  7:53PM, HSINCHU, 8229592
941118339, THIS LOOKS GOOD NEW, SEP 30 2008  9:47PM, HSINCHU, 9366872
941409819, WOAH THAT NEW WEBKIT, OCT  1 2008  2:54AM, HSINCHU, 9366872
941612646, BUSCAR EN GOOGLE COM, OCT  1 2008  7:22AM, HSINCHU, 8229592
941630593, ESTADISTICAS DE SEPT, OCT  1 2008  7:53AM, HSINCHU, 8229592
941630602, WEB SEARCH STRATEGIE, OCT  1 2008  7:53AM, HSINCHU, 8229592
941779974, WONDER HOW TO EL PA, OCT  1 2008 11:52AM, HSINCHU, 8229592
941779999, EL GOOGLE DEL TIEMPO, OCT  1 2008 11:52AM, HSINCHU, 8229592
941865538, LOS ROSTROS DE LOS N, OCT  1 2008  1:22PM, HSINCHU, 8229592
941938115, LA NASA CUMPLE  AN, OCT  1 2008  2:23PM, HSINCHU, 8229592
941977082, RGB LIQUIDO MANGAS, OCT  1 2008  2:52PM, HSINCHU, 8229592
942212438, PROTAGONISTAS DE LA, OCT  1 2008  5:53PM, HSINCHU, 8229592
942280789, EL IDILIO FUTBOL DE, OCT  1 2008  6:52PM, HSINCHU, 8229592
942349815, LA RELAJACION FUTBO, OCT  1 2008  7:52PM, HSINCHU, 8229592
942483728, VUELVE BLOGOFF EL B, OCT  1 2008  9:51PM, HSINCHU, 8229592
942688405, NOVEDADES EN GOOGLE, OCT  2 2008  1:22AM, HSINCHU, 8229592
942717706, LAS REDES SOCIALES, OCT  2 2008  1:52AM, HSINCHU, 8229592
942748536, NOS TOCA PAGAR MANG, OCT  2 2008  2:22AM, HSINCHU, 8229592
943019016, CAMBIOS EN GOOGLE BL, OCT  2 2008  8:22AM, HSINCHU, 8229592
943019029, EL REGRESO DE BLOGOF, OCT  2 2008  8:22AM, HSINCHU, 8229592
943054444, LA TAZA DE CRISTO E, OCT  2 2008  9:23AM, HSINCHU, 8229592
943071201, GEORGE W BIENVENID, OCT  2 2008  9:50AM, HSINCHU, 8229592
943072329, GEORGE W BIENVENID, OCT  2 2008  9:52AM, HSINCHU, 8229592
943077863, HATES THE INTERNET, OCT  2 2008 10:01AM, HSINCHU, 16500570
943129101, TOG ANADE FUNCIONES, OCT  2 2008 11:22AM, HSINCHU, 8229592
943178151, CONFERENCIA DEL FUND, OCT  2 2008 12:22PM, HSINCHU, 8229592
943272924, INTERNET ES PARA PO, OCT  2 2008  1:52PM, HSINCHU, 8229592
943310921, BLINDNESS EL LIBRO, OCT  2 2008  2:22PM, HSINCHU, 8229592
943351239, PROVOCAN CANCER LOS, OCT  2 2008  2:53PM, HSINCHU, 8229592
943431862, EL DON DE LA IMBATIB, OCT  2 2008  3:53PM, HSINCHU, 8229592
943472987, UN SALVADOR FUTBOL, OCT  2 2008  4:23PM, HSINCHU, 8229592
943473012, FUTBOL DE LUX, OCT  2 2008  4:23PM, HSINCHU, 8229592
943904334, ACH GUANAC CUMPLE, OCT  2 2008 10:22PM, HSINCHU, 8229592
943996972, OTRAS VISIONES DE LA, OCT  2 2008 11:52PM, HSINCHU, 8229592
944028555, DOS MANIFIESTOS EL, OCT  3 2008 12:23AM, HSINCHU, 8229592
944061630, YA PUEDES CHATEAR CO, OCT  3 2008 12:52AM, HSINCHU, 8229592
944404368, EL DOBLADOR DE CUCHA, OCT  3 2008  2:52AM, HSINCHU, 8229592
944582829, , OCT  3 2008  5:58AM, HSINCHU, 16060889
944687616, GRADOSCOM YA TIE, OCT  3 2008  8:52AM, HSINCHU, 8229592
944758452, EL LADO OSCURO HACE, OCT  3 2008 10:53AM, HSINCHU, 8229592
944777407, LICENCIA MCCAINPALI, OCT  3 2008 11:22AM, HSINCHU, 8229592
944831544, AAAAA, OCT  3 2008 12:31PM, HSINCHU, 16060889
945073832, PREMIO A LOS DESCUBR, OCT  3 2008  3:52PM, HSINCHU, 8229592
945266313, ACTORES QUE NO VI, OCT  3 2008  6:23PM, HSINCHU, 8229592
945301045, DUKE NUKEM D EN ALT, OCT  3 2008  6:53PM, HSINCHU, 8229592
945333813, TUENTI EN EL MUNDO, OCT  3 2008  7:23PM, HSINCHU, 8229592
945399904, PROTAGONISTAS DE LA, OCT  3 2008  8:22PM, HSINCHU, 8229592
945493001, PLENOS FUTBOL DE LU, OCT  3 2008  9:52PM, HSINCHU, 8229592
945493035, GRUPO DE GOOGLE GROU, OCT  3 2008  9:52PM, HSINCHU, 8229592
945493060, ANOS DESPUES A C, OCT  3 2008  9:53PM, HSINCHU, 8229592
945549279, TWITTFRIEND LOS AMI, OCT  3 2008 10:52PM, HSINCHU, 8229592
945576085, TIPOS DE LETRA CO, OCT  3 2008 11:22PM, HSINCHU, 8229592
945726490, , OCT  4 2008  2:19AM, HSINCHU, 16060889
945875774, , OCT  4 2008  5:41AM, HSINCHU, 16060889
945882096, ESPACIO USQUIANO BL, OCT  4 2008  5:52AM, HSINCHU, 8229592
945892498, W, OCT  4 2008  6:09AM, HSINCHU, 16060889
945913718, ESPACIO USQUIANO E, OCT  4 2008  6:49AM, HSINCHU, 8229592
945970180, BLOGS Y PODER EN LA, OCT  4 2008  8:52AM, HSINCHU, 8229592
945993212, , OCT  4 2008  9:45AM, HSINCHU, 16060889
945993372, , OCT  4 2008  9:46AM, HSINCHU, 16060889
946053006, , OCT  4 2008 11:55AM, HSINCHU, 16060889
946067912, INTERNET VS VIDA REA, OCT  4 2008 12:22PM, HSINCHU, 8229592
946105400, EL RELOJ DE TU VIDA, OCT  4 2008  1:22PM, HSINCHU, 8229592
946105409, YA ESTAMOS CON EL P, OCT  4 2008  1:22PM, HSINCHU, 8229592
946151327, ISTELLAR UN PLANETA, OCT  4 2008  2:22PM, HSINCHU, 8229592
946251346, WOW A TEMPLE IN ROM, OCT  4 2008  4:16PM, HSINCHU, 8055532
946256922, COMO HACEN DINERO LO, OCT  4 2008  4:22PM, HSINCHU, 8229592
946284298, LA MUSA DEL PARKED, OCT  4 2008  4:52PM, HSINCHU, 8229592
946336962, LA GRAN NOCHE FUTBO, OCT  4 2008  5:52PM, HSINCHU, 8229592
946336973, NO VIERON SU PELICUL, OCT  4 2008  5:52PM, HSINCHU, 8229592
946591545, POR CIERTO NO ESTA N, OCT  4 2008 11:19PM, HSINCHU, 15491731
946707897, NIGHT EVERYONE, OCT  5 2008  1:52AM, HSINCHU, 16597579
947006791, VILLARREAL SIGUE CON, OCT  5 2008 10:22AM, HSINCHU, 8229592
947006804, CHISMORREOS A RAYAS, OCT  5 2008 10:22AM, HSINCHU, 8229592
947006814, DORMIR FUTBOL DE LU, OCT  5 2008 10:22AM, HSINCHU, 8229592
947302439, TEQUILA EN LA SALA R, OCT  5 2008  5:22PM, HSINCHU, 8229592
947377633, LA SECUELA DE BLADE, OCT  5 2008  6:52PM, HSINCHU, 8229592
947598236, YA SOMOS MAS DE  E, OCT  5 2008 11:22PM, HSINCHU, 8229592
947693360, , OCT  6 2008  1:15AM, HSINCHU, 16060889
947766845, W, OCT  6 2008  2:38AM, HSINCHU, 16060889
947965274, EL MBA DE STANFORD E, OCT  6 2008  7:22AM, HSINCHU, 8229592
947965280, NOKIA  XPRESSMUS, OCT  6 2008  7:22AM, HSINCHU, 8229592
948034465, SITIOS ADONDE HACER, OCT  6 2008  9:22AM, HSINCHU, 8229592
948070948, BLOG CLIPPINGS ECUA, OCT  6 2008 10:22AM, HSINCHU, 8229592
948089778, ULTIMAS LISTAS DE TH, OCT  6 2008 10:52AM, HSINCHU, 8229592
948109758, WORDPRESS AL DIA LI, OCT  6 2008 11:22AM, HSINCHU, 8229592
948132027, MAL OLOR LA NUEVA A, OCT  6 2008 11:52AM, HSINCHU, 8229592
948132048, XDRTB  FOTOS, OCT  6 2008 11:52AM, HSINCHU, 8229592
948215227, ME DEBE  EUROS MA, OCT  6 2008  1:22PM, HSINCHU, 8229592
948215247, EL PAGERANK BLOGPOC, OCT  6 2008  1:22PM, HSINCHU, 8229592
948215265, LA PANTALLA LED MAS, OCT  6 2008  1:22PM, HSINCHU, 8229592
948250276, PARA QUE SIRVE EL P, OCT  6 2008  1:53PM, HSINCHU, 8229592
948367471, MICHAEL MOORE Y EL R, OCT  6 2008  3:22PM, HSINCHU, 8229592
948367498, GOS  GADGETS EL LI, OCT  6 2008  3:22PM, HSINCHU, 8229592
948408496, ENTREVISTA EN HABITO, OCT  6 2008  3:54PM, HSINCHU, 8229592
948446015, BRICOLAJE EXTREMO M, OCT  6 2008  4:23PM, HSINCHU, 8229592
948446036, OTRO APOCALIPSIS PAR, OCT  6 2008  4:23PM, HSINCHU, 8229592
948520456, RICHARD STALLMAN CON, OCT  6 2008  5:23PM, HSINCHU, 8229592
948539361, IS WITHOUT A PHONE A, OCT  6 2008  5:40PM, HSINCHU, 16500570
948625957, EL DISCO DE LA SEMAN, OCT  6 2008  6:53PM, HSINCHU, 8229592
948732974, IBRAHIMOVIC LA CALI, OCT  6 2008  8:23PM, HSINCHU, 8229592
948733058, LOS PUNTOS FUTBOL D, OCT  6 2008  8:23PM, HSINCHU, 8229592
948733079, TRES EN EL CANDIN F, OCT  6 2008  8:23PM, HSINCHU, 8229592
948925615, ENTREVISTA EN OJOCRI, OCT  6 2008 11:23PM, HSINCHU, 8229592
949038825, GOOD MOURNING, OCT  7 2008  1:17AM, HSINCHU, 16060889
949214917, , OCT  7 2008  4:10AM, HSINCHU, 16060889
949223905, NY, OCT  7 2008  4:21AM, HSINCHU, 16060889
949330910, DIPLODOCS CUALQUIER, OCT  7 2008  7:23AM, HSINCHU, 8229592
949368952, , OCT  7 2008  8:26AM, HSINCHU, 16060889
949385179, GMAIL SE ASEGURA DE, OCT  7 2008  8:52AM, HSINCHU, 8229592
949403844, EDIFICIOS FASCINA, OCT  7 2008  9:22AM, HSINCHU, 8229592
949416513, TODO VA RESTAURANDOS, OCT  7 2008  9:43AM, HSINCHU, 15491731
949422682, ESTANDARES DE LA INT, OCT  7 2008  9:53AM, HSINCHU, 8229592
949423274, Y LA BASURA AL BIDO, OCT  7 2008  9:54AM, HSINCHU, 15491731
949461989, ISLANDIA EN BANCARR, OCT  7 2008 10:52AM, HSINCHU, 8229592
949483413, MANUEL ALMEIDA ENTRE, OCT  7 2008 11:22AM, HSINCHU, 8229592
949483429, PARA QUE USAR TWITTE, OCT  7 2008 11:22AM, HSINCHU, 8229592
949597686, IDPHOTOSTUDIO IMPRI, OCT  7 2008  1:23PM, HSINCHU, 8229592
949672937, ANOS DE LA NASA E, OCT  7 2008  2:22PM, HSINCHU, 8229592
949714309, VIDEO PARA ENTENDER, OCT  7 2008  2:53PM, HSINCHU, 8229592
949756457, ATRACTIVOS EFECTO, OCT  7 2008  3:23PM, HSINCHU, 8229592
950101102, RECURSOS PARA TWI, OCT  7 2008  7:53PM, HSINCHU, 8229592
950898901, MAS DE  SITIOS PAR, OCT  8 2008  5:22AM, HSINCHU, 8229592
950980665, EL BLOG DE LA SEMANA, OCT  8 2008  7:23AM, HSINCHU, 8229592
951018074, IV CONGRESO PANAMERI, OCT  8 2008  8:22AM, HSINCHU, 8229592
951055639, JESSICA ALBA NOS TRA, OCT  8 2008  9:23AM, HSINCHU, 8229592
951112842, CONCURSO DE IDEAS PA, OCT  8 2008 10:53AM, HSINCHU, 8229592
951133986, PROTAGONISTAS DE LA, OCT  8 2008 11:22AM, HSINCHU, 8229592
951247344, MAS DE  HACKS PARA, OCT  8 2008  1:24PM, HSINCHU, 8229592
951404053, MAGNIFICOS EFECTO, OCT  8 2008  3:23PM, HSINCHU, 8229592
951487409, SEGUNDA OLEADA DE CL, OCT  8 2008  4:22PM, HSINCHU, 8229592
951565946, BREVE RESUMEN DE NOT, OCT  8 2008  5:22PM, HSINCHU, 8229592
951565987, XVIII BLOGS  GOFIO, OCT  8 2008  5:22PM, HSINCHU, 8229592
951566002, EL GABINETE DE INFOR, OCT  8 2008  5:22PM, HSINCHU, 8229592
951566026, OXCARS  UNA EVI, OCT  8 2008  5:22PM, HSINCHU, 8229592
951642366, SEMINARIO EN EL CLUB, OCT  8 2008  6:23PM, HSINCHU, 8229592
951931239, YAHOO ANALYTICS YA, OCT  8 2008 10:22PM, HSINCHU, 8229592
951992572, IF YOURLOVE  TRU, OCT  8 2008 11:22PM, HSINCHU, 8229592
952095519, OFF TO LUNCH FOR SOM, OCT  9 2008  1:05AM, HSINCHU, 9366872
952118934, , OCT  9 2008  1:29AM, HSINCHU, 16060889
952193596, W, OCT  9 2008  2:42AM, HSINCHU, 16060889
952337257, LOS  TOPICOS MAS UT, OCT  9 2008  5:22AM, HSINCHU, 8229592
952416118, BOO BOO EL PERRO MA, OCT  9 2008  7:23AM, HSINCHU, 8229592
952452809, MAC  WINDOWS CON ES, OCT  9 2008  8:22AM, HSINCHU, 8229592
952471460, EL NUEVO EJE ECONOMI, OCT  9 2008  8:52AM, HSINCHU, 8229592
952471910, EL NUEVO EJE ECONOMI, OCT  9 2008  8:52AM, HSINCHU, 8229592
952491320, ELLEN PAGE NOS TRAE, OCT  9 2008  9:23AM, HSINCHU, 8229592
952509676, ACTIVAMOS EL KARMA, OCT  9 2008  9:52AM, HSINCHU, 8229592
952569742, ITEREND NUEVO BUSCA, OCT  9 2008 11:22AM, HSINCHU, 8229592
952620249, NUNCA IRRITES A UN G, OCT  9 2008 12:23PM, HSINCHU, 8229592
952647889, AT CROFT INSTITUTE F, OCT  9 2008 12:52PM, HSINCHU, 9366872
952717798, UN TIPO SOLIDARIO M, OCT  9 2008  1:52PM, HSINCHU, 8229592
952842317, LA LISTA DEFINITIVA, OCT  9 2008  3:23PM, HSINCHU, 8229592
952966109, PERDIERON EL RESTO, OCT  9 2008  4:53PM, HSINCHU, 8229592
953004920, PORTUGAL IV ENCONTR, OCT  9 2008  5:23PM, HSINCHU, 8229592
953044471, A VISTA DE PAJARO M, OCT  9 2008  5:53PM, HSINCHU, 8229592
953081806, BAJA LA BOLSA SUBEN, OCT  9 2008  6:23PM, HSINCHU, 8229592
953156145, WORDPRESS GRANDIOSO, OCT  9 2008  7:22PM, HSINCHU, 8229592
953546364, DYING TOO MANY DRIN, OCT 10 2008  1:08AM, HSINCHU, 9366872
953649631, WWWW, OCT 10 2008  2:47AM, HSINCHU, 16060889
953748919, W, OCT 10 2008  4:32AM, HSINCHU, 16060889
953753945, B, OCT 10 2008  4:38AM, HSINCHU, 16060889
953761632, , OCT 10 2008  4:48AM, HSINCHU, 16060889
953788520, QUE CLASE DE CONTEN, OCT 10 2008  5:22AM, HSINCHU, 8229592
953803732, , OCT 10 2008  5:45AM, HSINCHU, 16060889
953829270, IN MARX WE TRUST IG, OCT 10 2008  6:22AM, HSINCHU, 8229592
953873941, RAZONES PARA VISI, OCT 10 2008  7:35AM, HSINCHU, 8229592
953885569, GESTION DE COMENTARI, OCT 10 2008  7:53AM, HSINCHU, 8229592
953904011, THEMES DE WORDPRES, OCT 10 2008  8:23AM, HSINCHU, 8229592
953904020, PINTORVA A SER QUE, OCT 10 2008  8:23AM, HSINCHU, 8229592
953941870, LOS  MEJORES JUEG, OCT 10 2008  9:23AM, HSINCHU, 8229592
953960838, GMAIL LABS INCORPORA, OCT 10 2008  9:53AM, HSINCHU, 8229592
953979116, GUANCHES EN EL CARIB, OCT 10 2008 10:23AM, HSINCHU, 8229592
953979140, EXPLICANDO LAS REDES, OCT 10 2008 10:23AM, HSINCHU, 8229592
954020048, EL PROYECTO GENOGRAP, OCT 10 2008 11:23AM, HSINCHU, 8229592
954020065, UNA COLECCION DE REL, OCT 10 2008 11:23AM, HSINCHU, 8229592
954042345, NOTICIAS SOBRE PIRAT, OCT 10 2008 11:53AM, HSINCHU, 8229592
954068604, MINICONCURSO, OCT 10 2008 12:23PM, HSINCHU, 8229592
954132791, ELADIO NO PAGARA A L, OCT 10 2008  1:23PM, HSINCHU, 8229592
954132806, GENIO Y FIGURA DE L, OCT 10 2008  1:23PM, HSINCHU, 8229592
954337937, LA CARRERA DEL GORIL, OCT 10 2008  3:53PM, HSINCHU, 8229592
954417902, NO AL CANON LA CA, OCT 10 2008  4:52PM, HSINCHU, 8229592
954456103, UN BESO DE HEIDI EN, OCT 10 2008  5:22PM, HSINCHU, 8229592
954533016, PROTAGONISTAS DE LA, OCT 10 2008  6:22PM, HSINCHU, 8229592
954751774, LA CRISIS FUTBOL DE, OCT 10 2008  9:23PM, HSINCHU, 8229592
954751792, FRASES DE ORO FUTBO, OCT 10 2008  9:23PM, HSINCHU, 8229592
954873508, ASI SE FORJA UNA CRI, OCT 10 2008 11:23PM, HSINCHU, 8229592
955064286, , OCT 11 2008  2:58AM, HSINCHU, 16060889
955251592, IS IN NEED OF AN IP, OCT 11 2008  7:48AM, HSINCHU, 16500570
955639772, SIENTA MAL LA COPA, OCT 11 2008  5:22PM, HSINCHU, 8229592
955639798, JOAO MOUTINHO PEQUE, OCT 11 2008  5:22PM, HSINCHU, 8229592
956172406, SUNDAY, OCT 12 2008  4:08AM, HSINCHU, 16060889
956180799, TUESDAY, OCT 12 2008  4:20AM, HSINCHU, 16060889
956198594, SATURDAY, OCT 12 2008  4:43AM, HSINCHU, 16060889
956210149, W, OCT 12 2008  5:00AM, HSINCHU, 16060889
956317603, MIS TARJETAS MOO BL, OCT 12 2008  8:22AM, HSINCHU, 8229592
956331496, GANANDO PERO SIN INT, OCT 12 2008  8:52AM, HSINCHU, 8229592
957082209, , OCT 13 2008  1:43AM, HSINCHU, 16060889
958454035, , OCT 14 2008  1:51AM, HSINCHU, 16060889
958573849, , OCT 14 2008  3:46AM, HSINCHU, 16060889
958657395, , OCT 14 2008  5:24AM, HSINCHU, 16060889
958660611, K, OCT 14 2008  5:29AM, HSINCHU, 16060889
958660779, ORZ, OCT 14 2008  5:29AM, HSINCHU, 16060889
958667967, , OCT 14 2008  5:39AM, HSINCHU, 16060889
958986714, IS THINKING UP WAYS, OCT 14 2008  1:03PM, HSINCHU, 16500570
961799445, , OCT 16 2008  3:06AM, HSINCHU, 16060889
961998275, HOORAY WORK DAY IS, OCT 16 2008  6:42AM, HSINCHU, 9366872
962208882, PREADOLESCENCIA O AL, OCT 16 2008 11:52AM, HSINCHU, 8229592
963260216, , OCT 17 2008  2:19AM, HSINCHU, 16060889
963598463, , OCT 17 2008  9:24AM, HSINCHU, 16060889
963617173, W, OCT 17 2008  9:54AM, HSINCHU, 16060889
966843830, , OCT 20 2008  1:31AM, HSINCHU, 16060889
966851203, , OCT 20 2008  1:38AM, HSINCHU, 16060889
967000449, BUYING NOV, OCT 20 2008  4:10AM, HSINCHU, 16861717
967143557, , OCT 20 2008  7:39AM, HSINCHU, 16060889
967143699, , OCT 20 2008  7:39AM, HSINCHU, 16060889
967975316, HAS GOT PLASNEWYDD F, OCT 20 2008  8:35PM, HSINCHU, 16500570
968196332, NOS ESPERA UN INVIER, OCT 20 2008 11:51PM, HSINCHU, 8229592
971504666, , OCT 23 2008  3:25AM, HSINCHU, 16060889
972945600, , OCT 24 2008  1:21AM, HSINCHU, 16060889
976142477, UPDATING MY SQUIDOO, OCT 26 2008 10:31PM, HSINCHU, 16980814
976208229, HI EVERYONE IN TWITT, OCT 26 2008 11:40PM, HSINCHU, 16980814
976208935, ILL BE POSTING WHEN, OCT 26 2008 11:41PM, HSINCHU, 16980814
976343636, ADDED PINK ROSE ITEM, OCT 27 2008  1:56AM, HSINCHU, 16980814
976768604, , OCT 27 2008  1:15AM, HSINCHU, 16060889
978387616, MADE A NEW GEEK SHIR, OCT 28 2008 10:44AM, HSINCHU, 16980814
978694907, TIME FOR A RUN AROUN, OCT 28 2008  9:10AM, HSINCHU, 9366872
978737522, MY RUN FROM BEFORE C, OCT 28 2008 10:12AM, HSINCHU, 9366872
978756763, HTTPTWITPICCOMI, OCT 28 2008 10:39AM, HSINCHU, 9366872
978762951, IF YOU HAVENT DONE, OCT 28 2008 10:48AM, HSINCHU, 9366872
978782528, HTTPTWITPICCOMI, OCT 28 2008 11:12AM, HSINCHU, 9366872
978802486, , OCT 28 2008 11:35AM, HSINCHU, 16060889
979592938, I ADDED DARK SHIRTS, OCT 29 2008  5:53AM, HSINCHU, 16980814
979597802, ALSO ADDED DUE IN A, OCT 29 2008  5:57AM, HSINCHU, 16980814
980224177, IS  FOR ONE LAST D, OCT 29 2008  8:24AM, HSINCHU, 16500570
980898020, SLOWLY BUT SURELY I, OCT 30 2008  2:05AM, HSINCHU, 16980814
981383988, CREATED A SQUIDOO LE, OCT 30 2008  8:10AM, HSINCHU, 16980814
981935028, HTTPTWITPICCOMI, OCT 30 2008 10:01AM, HSINCHU, 9366872
983162633, M M, OCT 31 2008  2:08AM, HSINCHU, 16060889
983510681, DRINKING A SMIRNOFF, OCT 31 2008  9:36AM, HSINCHU, 9366872
984498643, NUEVA ETAPA DE BLA B, OCT 31 2008 10:53PM, HSINCHU, 8229592
984892799, HTTPBITLYMVFL, NOV  1 2008  5:40AM, HSINCHU, 9366872
985055322, DINNER WITH BEN AND, NOV  1 2008 10:50AM, HSINCHU, 9366872
985231676, NUEVO PERIODISMO SIN, NOV  1 2008  2:53PM, HSINCHU, 8229592
985770612, LUNCH AND A WALK AT, NOV  2 2008 12:30AM, HSINCHU, 9366872
986064642, NOPE MY CLOCK WASNT, NOV  2 2008  6:19AM, HSINCHU, 16597579
986155141, NITE ALL TWINKLERS A, NOV  2 2008  9:06AM, HSINCHU, 16597579
986160852, HERE I AM HTTPTI, NOV  2 2008  9:18AM, HSINCHU, 16597579
986161044, HERE I AM HTTPTI, NOV  2 2008  9:19AM, HSINCHU, 16597579
986778226, RESTORING SNOW LEOPA, NOV  2 2008  9:42PM, HSINCHU, 9366872
986963923, SO IM GUESSING RUBY, NOV  3 2008 12:43AM, HSINCHU, 9366872
987015634, , NOV  3 2008  1:37AM, HSINCHU, 16060889
987041505, , NOV  3 2008  2:04AM, HSINCHU, 16060889
987050005, ON MY WAY TO WARNER, NOV  3 2008  2:13AM, HSINCHU, 16597579
987050488, AND LOVING THE PRIUS, NOV  3 2008  2:13AM, HSINCHU, 16597579
987144724, DRIVING BY YOURSELF, NOV  3 2008  3:50AM, HSINCHU, 16597579
987161283, ITS CALLED CRUISE C, NOV  3 2008  4:05AM, HSINCHU, 16597579
987185909, HTTPTWITPICCOMJ, NOV  3 2008  4:34AM, HSINCHU, 9366872
987209129, WOW NOT MANY TWINKLE, NOV  3 2008  5:03AM, HSINCHU, 16597579
987219359, PERFECT ROAD TRIP FO, NOV  3 2008  5:14AM, HSINCHU, 16597579
987229780, ICHIGEKI, NOV  3 2008  5:26AM, HSINCHU, 16060889
987241072, OR, NOV  3 2008  5:41AM, HSINCHU, 16060889
987266708, ABOUT  MILES FROM, NOV  3 2008  6:18AM, HSINCHU, 16597579
987388297, FINALLY IN MY HOTEL, NOV  3 2008  9:31AM, HSINCHU, 16597579
988457098, SITTING FOR A NICE M, NOV  3 2008 11:59PM, HSINCHU, 16597579
988598092, , NOV  4 2008  1:53AM, HSINCHU, 16060889
988708084, , NOV  4 2008  3:19AM, HSINCHU, 16060889
988995924, LAS ELECCIONES DE ES, NOV  4 2008  8:49AM, HSINCHU, 8229592
989087879, TAMPOCO LOS TORRENTS, NOV  4 2008 10:49AM, HSINCHU, 8229592
991526839, ITS APPARENTLY THE, NOV  5 2008  7:52PM, HSINCHU, 16821586
992307186, EL GABINETE DE INFOR, NOV  5 2008  9:14PM, HSINCHU, 8229592
992610840, READ ABOUT MY NEARD, NOV  6 2008  1:27AM, HSINCHU, 8055532
992744195, HE DIED I HAVEN, NOV  6 2008  3:17AM, HSINCHU, 16597579
993198726, CON LA VENTANA ABIER, NOV  6 2008 12:50PM, HSINCHU, 8229592
993977666, I WONDER IF A PENGUI, NOV  6 2008 10:03PM, HSINCHU, 8055532
996056959, MPG PRETTY GOO, NOV  8 2008  6:27AM, HSINCHU, 16597579
996355333, HERE I AM HTTPTI, NOV  8 2008  2:35PM, HSINCHU, 16597579
996455785, NICE DAY TO SIT ON T, NOV  8 2008  4:16PM, HSINCHU, 16597579
996489214, BLACK IS BEAUTIFUL U, NOV  8 2008  4:49PM, HSINCHU, 8229592
996527660, ANOTHER GREAT SPOT T, NOV  8 2008  5:28PM, HSINCHU, 16597579
996996627, HEY HAS CHRIS NORTON, NOV  9 2008  1:47AM, HSINCHU, 16597579
997876368, IS GOING TO THE SOCI, NOV  9 2008  9:11PM, HSINCHU, 16500570
998311816, SIGNED UP AWHILE BAC, NOV 10 2008  4:29AM, HSINCHU, 14726070
998799591, DID SHE REALLY SAY D, NOV 10 2008  2:21PM, HSINCHU, 8055532
998830703, SOE  WAYS OF MAK, NOV 10 2008  2:44PM, HSINCHU, 16500570
998982904, SOE P AND L SESSI, NOV 10 2008  4:26PM, HSINCHU, 16500570
999393042, I JUST LISTED  NEW, NOV 10 2008  9:19PM, HSINCHU, 14726070
999394441, I HAD THE BEST GRILL, NOV 10 2008  9:20PM, HSINCHU, 14726070
1000806385, WISHING I WAS HOME C, NOV 11 2008  6:35PM, HSINCHU, 14726070
1000806780, GETTING READY TO HEA, NOV 11 2008  6:35PM, HSINCHU, 14726070
1002116647, HAVING COFFEE GETTI, NOV 12 2008  2:31PM, HSINCHU, 14726070
1002263870, HAS UPDATED HER BLOG, NOV 12 2008  4:06PM, HSINCHU, 16500570
1002401871, I JUST LISTED THIS C, NOV 12 2008  5:32PM, HSINCHU, 14726070
1003428826, HEADING TO MELBOURN, NOV 13 2008  6:30AM, HSINCHU, 9366872
1003773948, EVERY MAN EXPRESSED, NOV 13 2008  1:25PM, HSINCHU, 8055532
1004088294, IS SLEEPY WORKING I, NOV 13 2008  4:52PM, HSINCHU, 16500570
1004114234, IM TESTING OUT JOTT, NOV 13 2008  5:07PM, HSINCHU, 8055532
1004176729, I SORT OF WISH I KNE, NOV 13 2008  5:47PM, HSINCHU, 8055532
1004679251, IVE SPENT THE PAST, NOV 14 2008 12:29AM, HSINCHU, 16597579
1004794419, RY, NOV 14 2008  2:01AM, HSINCHU, 16060889
1004969376, ALMOST TIME FOR ROBI, NOV 14 2008  4:27AM, HSINCHU, 9366872
1005005275, THANK YOU FOR SUBMI, NOV 14 2008  5:00AM, HSINCHU, 8055532
1005108118, OFF TO HALLS GAP FOR, NOV 14 2008  6:58AM, HSINCHU, 9366872
1005653898, SITTING IN THE AIRPO, NOV 14 2008  4:05PM, HSINCHU, 14726070
1008030550, STILL UPMIGHT HAV, NOV 16 2008  8:20AM, HSINCHU, 16597579
1008459436, HAS BLOGGEDHTTPJ, NOV 16 2008  6:13PM, HSINCHU, 16500570
1008970449, ITS NOV  AND NUFF, NOV 17 2008 10:25AM, HSINCHU, 16821586
1009645485, JUST READ ABOUT A LI, NOV 17 2008  2:48PM, HSINCHU, 8055532
1010327465, HEADING TO THE BANK, NOV 17 2008 10:28PM, HSINCHU, 16597579
1010423261, JUST MADE SMALL IMPR, NOV 17 2008 11:41PM, HSINCHU, 8055532
1010675408, OFF TO GRILLD FOR A, NOV 18 2008  3:17AM, HSINCHU, 9366872
1011385953, UNA BACALA INFAME N, NOV 18 2008  3:44PM, HSINCHU, 15491731
1012327162, HTTPTWITPICCOMM, NOV 19 2008  4:00AM, HSINCHU, 9366872
1012437127, HERE I AM HTTPTI, NOV 19 2008  5:41AM, HSINCHU, 16597579
1013683351, GMAIL HAS BUILTIN T, NOV 19 2008 10:19PM, HSINCHU, 8055532
1015201479, JUST FINISHED UP AN, NOV 20 2008  7:13PM, HSINCHU, 14726070
1015474722, IS A WINDSTORM PICK, NOV 20 2008 10:07PM, HSINCHU, 8055532
1015803811, COWGIRLSPIRIT  POST, NOV 21 2008  2:03AM, HSINCHU, 14726070
1016782122, BUNDLED UP AGAINST T, NOV 21 2008  4:56PM, HSINCHU, 14726070
1017629242, EATING  THE ALE HOU, NOV 22 2008  3:04AM, HSINCHU, 16597579
1017790739, IMPOSTURAS ASESINAS, NOV 22 2008  5:52AM, HSINCHU, 8229592
1018661529, REDEMPTION HELL, NOV 22 2008 10:38PM, HSINCHU, 15491731
1018775472, TUNE INTO YOUTUBE I, NOV 23 2008 12:29AM, HSINCHU, 8055532
1018841201, HUGGING A FAT GUY IS, NOV 23 2008  1:30AM, HSINCHU, 8055532
1018970302, HTTPTWITPICCOMN, NOV 23 2008  3:29AM, HSINCHU, 9366872
1019321688, Y ASI TODO CAE EN E, NOV 23 2008 12:04PM, HSINCHU, 15491731
1019534711, HAS BLOGGEDHTTPJ, NOV 23 2008  4:15PM, HSINCHU, 16500570
1021136738, GOLDFISH CRACKERS TA, NOV 24 2008  5:06PM, HSINCHU, 8055532
1022639129, WEATHERCOM TELLS ME, NOV 25 2008  1:33PM, HSINCHU, 8055532
1023518004, SEQUEL AUTHOR FIXED, NOV 25 2008 10:42PM, HSINCHU, 9366872
1025050385, HAS BLOGGEDHTTPJ, NOV 26 2008  7:07PM, HSINCHU, 16500570
1025959975, OH THIS MIGHT BE HAN, NOV 27 2008  6:21AM, HSINCHU, 9366872
1026118634, SOMETIMES TAKING CAR, NOV 27 2008  9:27AM, HSINCHU, 16597579
1029328270, ASIMOVS FOUNDATION, NOV 29 2008  1:06PM, HSINCHU, 8055532
1031263689, ME HE PARADO A PENSA, NOV 30 2008 10:15PM, HSINCHU, 15491731
1031269369, Y HACEDME CASO QUE, NOV 30 2008 10:19PM, HSINCHU, 15491731
1031269423, FIRST WINDOWS REBOOT, NOV 30 2008 10:19PM, HSINCHU, 9366872
1032150833, TWILIGHT HORRENDA H, DEC  1 2008 12:29PM, HSINCHU, 15491731
1032391642, MARYRICHMOND  MY FA, DEC  1 2008  3:23PM, HSINCHU, 14726070
1034123272, HAS A NEW BLOGWWWJ, DEC  2 2008  1:20PM, HSINCHU, 16500570
1034184973, JUST SET UP MY CHRIS, DEC  2 2008  2:05PM, HSINCHU, 16597579
1034838940, IM USING FLOCK AGAI, DEC  2 2008  8:27PM, HSINCHU, 8055532
1038824470, I HAVE NO IDEA WHY, DEC  5 2008  4:30AM, HSINCHU, 17602017
1038828466, I JUST DONT REMEMBE, DEC  5 2008  4:32AM, HSINCHU, 17602017
1038829304, HOW DO I POST A DIRE, DEC  5 2008  4:33AM, HSINCHU, 17602017
1038837557, MISSVOODOO HMMM, DEC  5 2008  4:37AM, HSINCHU, 17602017
1038838021, YES IM PRETTY SURE, DEC  5 2008  4:37AM, HSINCHU, 17602017
1038840211, WONDERS WHEN GREG IS, DEC  5 2008  4:39AM, HSINCHU, 17602017
1038864435, MISSVOODOO HOW DO, DEC  5 2008  4:52AM, HSINCHU, 17602017
1038877024, USING DIGSBY FOR IM, DEC  5 2008  5:00AM, HSINCHU, 17602017
1041548325, AT SAVOY NICE SCENA, DEC  6 2008  4:49AM, HSINCHU, 16597579
1041648964, GUESS WHERE NOW HTTP, DEC  6 2008  6:30AM, HSINCHU, 16597579
1041753892, NICE START AT SAVOY, DEC  6 2008  8:49AM, HSINCHU, 16597579
1043346448, OH FORTUNAVARIABLE, DEC  7 2008 11:57AM, HSINCHU, 15491731
1043923623, ON THE CARNIVAL LEGE, DEC  7 2008  9:02PM, HSINCHU, 16597579
1046356310, I JUST LISTED THIS I, DEC  9 2008  3:19AM, HSINCHU, 14726070
1046448467, I JUST BLOGGED ABOUT, DEC  9 2008  4:20AM, HSINCHU, 14726070
1046865845, OI NAO QUERO FAZAR, DEC  9 2008 11:27AM, HSINCHU, 17989391
1047034697, I JUST LISTED THIS I, DEC  9 2008  1:48PM, HSINCHU, 14726070
1047066635, SITTING IN FRONT ON, DEC  9 2008  2:09PM, HSINCHU, 16597579
1047534879, I JUST LISTED THIS I, DEC  9 2008  6:19PM, HSINCHU, 14726070
1047710476, BACK FROM LUNCH  MO, DEC  9 2008  7:55PM, HSINCHU, 14726070
1047753273, I JUST LISTED THIS I, DEC  9 2008  8:19PM, HSINCHU, 14726070
1048073755, I JUST LISTED THIS I, DEC  9 2008 11:20PM, HSINCHU, 14726070
1049027600, SEMANA MOVIMENTADA E, DEC 10 2008 12:31PM, HSINCHU, 17989391
1049032429, HTTPTINYURLCOM, DEC 10 2008 12:36PM, HSINCHU, 17989391
1049032717, MULA SEM CABECA EXIS, DEC 10 2008 12:36PM, HSINCHU, 17989391
1049047434, THEZOLIN E SUA TROMB, DEC 10 2008 12:48PM, HSINCHU, 17989391
1049047618, I JUST LISTED THIS I, DEC 10 2008 12:49PM, HSINCHU, 14726070
1049048992, OCTUBRE DIEZ DIAS Q, DEC 10 2008 12:50PM, HSINCHU, 8229592
1049177529, I JUST BLOGGED ABOUT, DEC 10 2008  2:17PM, HSINCHU, 14726070
1049434296, HAY FACETAS DE MI MI, DEC 10 2008  4:33PM, HSINCHU, 15491731
1050176984, I JUST LISTED THIS I, DEC 10 2008 11:19PM, HSINCHU, 14726070
1050177101, I JUST LISTED THIS I, DEC 10 2008 11:19PM, HSINCHU, 14726070
1050177198, I JUST LISTED THIS I, DEC 10 2008 11:19PM, HSINCHU, 14726070
1050965991, CAMBIO CLIMATICO E, DEC 11 2008  9:48AM, HSINCHU, 8229592
1051144819, I JUST LISTED THIS I, DEC 11 2008 12:49PM, HSINCHU, 14726070
1051181672, FESTA DA EMPRESA ANO, DEC 11 2008  1:18PM, HSINCHU, 17989391
1051390062, I JUST LISTED THIS I, DEC 11 2008  3:22PM, HSINCHU, 14726070
1051390217, I JUST LISTED THIS I, DEC 11 2008  3:22PM, HSINCHU, 14726070
1051390308, I JUST LISTED THIS I, DEC 11 2008  3:22PM, HSINCHU, 14726070
1051390497, I JUST LISTED THIS I, DEC 11 2008  3:22PM, HSINCHU, 14726070
1051445196, I JUST LISTED THIS I, DEC 11 2008  3:50PM, HSINCHU, 14726070
1051505125, I JUST LISTED THIS I, DEC 11 2008  4:20PM, HSINCHU, 14726070
1051734665, I JUST LISTED THIS I, DEC 11 2008  6:20PM, HSINCHU, 14726070
1051734774, I JUST LISTED THIS I, DEC 11 2008  6:20PM, HSINCHU, 14726070
1051734867, I JUST LISTED THIS I, DEC 11 2008  6:20PM, HSINCHU, 14726070
1051734927, I JUST LISTED THIS I, DEC 11 2008  6:20PM, HSINCHU, 14726070
1051905267, I JUST LISTED THIS I, DEC 11 2008  7:50PM, HSINCHU, 14726070
1052564531, OFF TO NAB TECHNOLOG, DEC 12 2008  2:14AM, HSINCHU, 9366872
1052621053, I JUST LISTED THIS I, DEC 12 2008  2:51AM, HSINCHU, 14726070
1052747110, I JUST BLOGGED ABOUT, DEC 12 2008  4:15AM, HSINCHU, 14726070
1053568612, GORDONALDO INFIEL, DEC 12 2008  3:42PM, HSINCHU, 17989391
1054044196, TODOS OS CHAVEIROS D, DEC 12 2008  7:52PM, HSINCHU, 17989391
1054388128, JOGANDO GTA  EU, DEC 12 2008 11:17PM, HSINCHU, 17989391
1055319941, DAQUI A POUCO PAINTB, DEC 13 2008  2:51PM, HSINCHU, 17989391
1055973549, I JUST LISTED THIS I, DEC 13 2008 11:21PM, HSINCHU, 14726070
1055973599, I JUST LISTED THIS I, DEC 13 2008 11:21PM, HSINCHU, 14726070
1056899035, TO FICANDO VELHO Q, DEC 14 2008  3:40PM, HSINCHU, 17989391
1057688050, HAVING LUNCH AND REA, DEC 15 2008  1:47AM, HSINCHU, 9366872
1057820023, I JUST LISTED THIS I, DEC 15 2008  3:21AM, HSINCHU, 14726070
1057861681, I JUST LISTED THIS I, DEC 15 2008  3:52AM, HSINCHU, 14726070
1058407958, I JUST LISTED THIS I, DEC 15 2008 12:51PM, HSINCHU, 14726070
1058603339, IT SEEMS TO ME THAT, DEC 15 2008  3:01PM, HSINCHU, 8055532
1059419134, I JUST LISTED THIS I, DEC 15 2008 10:22PM, HSINCHU, 14726070
1059996231, I JUST LISTED THIS I, DEC 16 2008  4:24AM, HSINCHU, 14726070
1060483005, I JUST LISTED THIS I, DEC 16 2008 12:22PM, HSINCHU, 14726070
1060648117, I JUST BLOGGED ABOUT, DEC 16 2008  2:20PM, HSINCHU, 14726070
1060705459, I HAVE TO LEAVE FOR, DEC 16 2008  2:52PM, HSINCHU, 8055532
1061666446, I JUST LISTED THIS I, DEC 16 2008 11:23PM, HSINCHU, 14726070
1062037314, TIRED AND WATER LOGG, DEC 17 2008  3:16AM, HSINCHU, 16597579
1062045757, I JUST LISTED THIS I, DEC 17 2008  3:22AM, HSINCHU, 14726070
1062138086, I JUST LISTED THIS I, DEC 17 2008  4:24AM, HSINCHU, 14726070
1062138112, I JUST LISTED THIS I, DEC 17 2008  4:24AM, HSINCHU, 14726070
1062634685, RIGHT NOW AT AM I, DEC 17 2008 12:24PM, HSINCHU, 8055532
1062805192, I JUST LISTED THIS I, DEC 17 2008  2:23PM, HSINCHU, 14726070
1062981900, I JUST LISTED THIS I, DEC 17 2008  3:57PM, HSINCHU, 14726070
1062982352, I JUST LISTED THIS I, DEC 17 2008  3:57PM, HSINCHU, 14726070
1063030279, LAYING IN BED WONDER, DEC 17 2008  4:21PM, HSINCHU, 16597579
1063383782, I JUST LISTED THIS I, DEC 17 2008  7:21PM, HSINCHU, 14726070
1063384121, I JUST LISTED THIS I, DEC 17 2008  7:21PM, HSINCHU, 14726070
1063444230, I JUST LISTED THIS I, DEC 17 2008  7:53PM, HSINCHU, 14726070
1063444441, I JUST LISTED THIS I, DEC 17 2008  7:53PM, HSINCHU, 14726070
1063444534, I JUST LISTED THIS I, DEC 17 2008  7:53PM, HSINCHU, 14726070
1063554845, I JUST GOT XMMS ON, DEC 17 2008  8:52PM, HSINCHU, 8055532
1063637511, GREAT START TO THE D, DEC 17 2008  9:37PM, HSINCHU, 9366872
1064332214, I THINK REUTERS GOT, DEC 18 2008  4:50AM, HSINCHU, 8055532
1064858447, I JUST LISTED THIS I, DEC 18 2008  1:22PM, HSINCHU, 14726070
1064909944, HTTPTINYURLCOM, DEC 18 2008  1:57PM, HSINCHU, 17989391
1064910568, FUNERAL PARA UM XBOX, DEC 18 2008  1:57PM, HSINCHU, 17989391
1065110907, QUE FRIO DO CACETE, DEC 18 2008  3:46PM, HSINCHU, 17989391
1065308561, I JUST BLOGGED ABOUT, DEC 18 2008  5:23PM, HSINCHU, 14726070
1065423320, I JUST LISTED THIS I, DEC 18 2008  6:21PM, HSINCHU, 14726070
1065951531, THINK I WAS JUST HIT, DEC 18 2008 11:06PM, HSINCHU, 16597579
1066129274, Y ES QUE HAY DIAS EN, DEC 19 2008 12:57AM, HSINCHU, 15491731
1066522474, I JUST LISTED THIS I, DEC 19 2008  5:21AM, HSINCHU, 14726070
1066647275, OFF TO CHRISTMAS DRI, DEC 19 2008  7:17AM, HSINCHU, 9366872
1066900693, AINDA MUITO ZUADO, DEC 19 2008 11:54AM, HSINCHU, 17989391
1067016036, TIRED AFTER A LATE N, DEC 19 2008  1:32PM, HSINCHU, 16597579
1067996423, AT UNIVERSAL HTTP, DEC 19 2008 10:21PM, HSINCHU, 16597579
1068108429, I JUST LISTED THIS I, DEC 19 2008 11:34PM, HSINCHU, 14726070
1068153275, I JUST LISTED THIS I, DEC 20 2008 12:05AM, HSINCHU, 14726070
1068249038, AMOR AMOR AMOR A, DEC 20 2008  1:15AM, HSINCHU, 15491731
1068273824, I JUST LISTED THIS I, DEC 20 2008  1:34AM, HSINCHU, 14726070
1068273856, I JUST LISTED THIS I, DEC 20 2008  1:34AM, HSINCHU, 14726070
1068573332, I JUST LISTED THIS I, DEC 20 2008  5:34AM, HSINCHU, 14726070
1068573348, I JUST LISTED THIS I, DEC 20 2008  5:34AM, HSINCHU, 14726070
1068918469, I JUST LISTED THIS I, DEC 20 2008  1:05PM, HSINCHU, 14726070
1068918488, I JUST LISTED THIS I, DEC 20 2008  1:05PM, HSINCHU, 14726070
1068966693, VER SEU FILHO DANCAR, DEC 20 2008  1:58PM, HSINCHU, 17989391
1069342222, O PIOR DE TUDO E VC, DEC 20 2008  6:54PM, HSINCHU, 17989391
1069621204, CHECK OUT JOE STRYKE, DEC 20 2008 10:35PM, HSINCHU, 8055532
1070059862, I JUST LISTED THIS I, DEC 21 2008  4:34AM, HSINCHU, 14726070
1070677100, REFLEXIONEN POR UN S, DEC 21 2008  4:03PM, HSINCHU, 15491731
1071353584, I JUST LISTED THIS I, DEC 22 2008 12:34AM, HSINCHU, 14726070
1071648690, DRIVING TO WALMART W, DEC 22 2008  4:09AM, HSINCHU, 16597579
1072590494, SANTA LEAVES TO DELI, DEC 22 2008  5:09PM, HSINCHU, 8055532
1072782566, RUA AQUI DO LADO TOT, DEC 22 2008  6:56PM, HSINCHU, 17989391
1072918916, I JUST BLOGGED ABOUT, DEC 22 2008  8:15PM, HSINCHU, 14726070
1073739146, SANTA LEAVES TO DELI, DEC 23 2008  5:02AM, HSINCHU, 8055532
1073829947, IS TRYING TWITTER ON, DEC 23 2008  6:18AM, HSINCHU, 811883
1074168572, HAPPY EMPERORS BIRT, DEC 23 2008 12:34PM, HSINCHU, 8055532
1074243448, I JUST LISTED THIS I, DEC 23 2008  1:37PM, HSINCHU, 14726070
1074381156, COISAS IDIOTAS DAO D, DEC 23 2008  3:04PM, HSINCHU, 17989391
1076023552, E JA TA UM SOL, DEC 24 2008  9:46AM, HSINCHU, 17989391
1076027410, PELO MENOS MEU FILHO, DEC 24 2008  9:51AM, HSINCHU, 17989391
1076046885, O MELHOR DO NATAL E, DEC 24 2008 10:14AM, HSINCHU, 17989391
1076048272, O MELHOR DO NATAL E, DEC 24 2008 10:15AM, HSINCHU, 17989391
1076203987, I JUST LISTED THIS I, DEC 24 2008  1:05PM, HSINCHU, 14726070
1076468613, I AM ON THE COMPUTER, DEC 24 2008  4:07PM, HSINCHU, 18359729
1076791751, WHAT HAPPENED, DEC 24 2008  7:25PM, HSINCHU, 18359729
1076799566, LOL YA I AM, DEC 24 2008  7:30PM, HSINCHU, 18359729
1076803694, OHWHAT DID THE GH, DEC 24 2008  7:33PM, HSINCHU, 18359729
1076809690, WEIRD THATS REALLY, DEC 24 2008  7:37PM, HSINCHU, 18359729
1076818184, IN YOUR SCHOOL OK T, DEC 24 2008  7:42PM, HSINCHU, 18359729
1076818560, O YA NP, DEC 24 2008  7:43PM, HSINCHU, 18359729
1076820262, OH OK UR WELCOME B, DEC 24 2008  7:44PM, HSINCHU, 18359729
1076830831, IM MARYREMEMBER D, DEC 24 2008  7:51PM, HSINCHU, 18359729
1076962132, THE SKY DUHLOL NO, DEC 24 2008  9:27PM, HSINCHU, 18359729
1076967520, DONT BE SORRY LOL IM, DEC 24 2008  9:31PM, HSINCHU, 18359729
1076976556, OH OK WHAT ARE YOU, DEC 24 2008  9:37PM, HSINCHU, 18359729
1076981625, READING WHAT, DEC 24 2008  9:41PM, HSINCHU, 18359729
1076982174, AND GET ON UR EMAIL, DEC 24 2008  9:42PM, HSINCHU, 18359729
1076985350, OHTHAT STINKSDO, DEC 24 2008  9:44PM, HSINCHU, 18359729
1076985595, OH ON GMAIL, DEC 24 2008  9:44PM, HSINCHU, 18359729
1076994621, MY WINTER VACATION S, DEC 24 2008  9:51PM, HSINCHU, 18359729
1076997878, LOL CAN U SEE MY PIC, DEC 24 2008  9:54PM, HSINCHU, 18359729
1077002721, GYMNAST, DEC 24 2008  9:58PM, HSINCHU, 18359729
1077009642, K, DEC 24 2008 10:03PM, HSINCHU, 18359729
1077320128, A VECES BASTA SOLAME, DEC 25 2008  2:17AM, HSINCHU, 15491731
1078223697, I JUST BLOGGED ABOUT, DEC 25 2008  6:09PM, HSINCHU, 14726070
1078329534, MERRY XMAS TWITERVER, DEC 25 2008  7:50PM, HSINCHU, 16597579
1078778318, I JUST LISTED THIS I, DEC 26 2008  3:04AM, HSINCHU, 14726070
1079351553, ENCONTRE SUA MULHER, DEC 26 2008  2:36PM, HSINCHU, 17989391
1079784770, HEY BECKY WATS UP, DEC 26 2008  8:24PM, HSINCHU, 18359729
1080125061, I JUST BLOGGED ABOUT, DEC 27 2008  1:09AM, HSINCHU, 14726070
1080735510, I JUST LISTED THIS I, DEC 27 2008 12:34PM, HSINCHU, 14726070
1080791260, EL CONCILIO DE GOFRI, DEC 27 2008  1:46PM, HSINCHU, 15491731
1080858983, HTTPTINYURLCOM, DEC 27 2008  3:00PM, HSINCHU, 17989391
1080859374, ESSES VAO QUEIMAR NO, DEC 27 2008  3:00PM, HSINCHU, 17989391
1081403632, I JUST LISTED THIS I, DEC 27 2008 10:35PM, HSINCHU, 14726070
1081403661, I JUST LISTED THIS I, DEC 27 2008 10:35PM, HSINCHU, 14726070
1081472906, I JUST LISTED THIS I, DEC 27 2008 11:34PM, HSINCHU, 14726070
1082923510, DEPOIS DE  HORAS DE, DEC 28 2008 10:41PM, HSINCHU, 17989391
1083079200, I JUST LISTED THIS I, DEC 29 2008 12:34AM, HSINCHU, 14726070
1083119099, I JUST LISTED THIS I, DEC 29 2008  1:04AM, HSINCHU, 14726070
1083449448, I JUST BLOGGED ABOUT, DEC 29 2008  5:10AM, HSINCHU, 14726070
1083771792, ESSA E A SEMANA MORT, DEC 29 2008 11:14AM, HSINCHU, 17989391
1083781750, NEXT YEAR NEW PROJE, DEC 29 2008 11:27AM, HSINCHU, 17989391
1085731657, NAO AGUENTO MAIS TER, DEC 30 2008 11:35AM, HSINCHU, 17989391
1086430678, MAIS UMA HORA DE TRA, DEC 30 2008  7:18PM, HSINCHU, 17989391
1086852741, TOMANDO CERVEJA JOG, DEC 30 2008 11:21PM, HSINCHU, 17989391
1088363566, JA AQUECENDO PARA A, DEC 31 2008  5:21PM, HSINCHU, 17989391
1088907130, HAPPY  PEOPLE, DEC 31 2008 10:40PM, HSINCHU, 15491731
1089452874, ONE HOUR UNTIL THE N, JAN  1 2009  5:02AM, HSINCHU, 8055532
1089563141, FEELS A LOT LIK, JAN  1 2009  6:14AM, HSINCHU, 8055532
1090673206, NUNCA MAIS TINHA BEB, JAN  1 2009 11:47PM, HSINCHU, 17989391
1090673967, PARABENS MEU AMOR, JAN  1 2009 11:48PM, HSINCHU, 17989391
1091607360, TEM COISA MAIS ODIOS, JAN  2 2009  2:43PM, HSINCHU, 17989391
1091674523, INDO NO SHOPPING ALM, JAN  2 2009  3:29PM, HSINCHU, 17989391
1091832805, I JUST LISTED THIS I, JAN  2 2009  5:05PM, HSINCHU, 14726070
1091852407, I JUST BLOGGED ABOUT, JAN  2 2009  5:16PM, HSINCHU, 14726070
1091984850, I JUST LISTED THIS I, JAN  2 2009  6:35PM, HSINCHU, 14726070
1092182061, I JUST LISTED THIS I, JAN  2 2009  8:34PM, HSINCHU, 14726070
1092552720, I JUST LISTED THIS I, JAN  3 2009 12:34AM, HSINCHU, 14726070
1092812757, I JUST LISTED THIS I, JAN  3 2009  3:37AM, HSINCHU, 14726070
1092849826, I JUST LISTED THIS I, JAN  3 2009  4:03AM, HSINCHU, 14726070
1092892607, I JUST LISTED THIS I, JAN  3 2009  4:34AM, HSINCHU, 14726070
1093458214, NAO COMPREI A LCD A, JAN  3 2009  2:59PM, HSINCHU, 17989391
1093459029, TV DESEJADA HTTPT, JAN  3 2009  3:00PM, HSINCHU, 17989391
1093554706, ACABEI DE ASSISTIR H, JAN  3 2009  4:12PM, HSINCHU, 17989391
1093564659, COMECANDO O DIA PRA, JAN  3 2009  4:19PM, HSINCHU, 17989391
