USERID, NAME, USERLOCATION
811883, REGISB, PARIS FRANCE
8055532, GOODEVILGENIUS, ROCKVILLE MD USA
8229592, MINOIC, SPAIN
9366872, WEZM, MELBOURNE AUSTRALIA
9647362, MIMMIM, 
12279742, SAHAQUIEL, MEXICO
14163678, LISE, QUEBEC CANADA
14326018, DAVEVANZ, ORLANDO FL
14726070, HEARTOFACOWGIRL, VAIL ARIZONA
15463525, JPAGEUPCHURCH, HENDERSON NV
15491731, VKTHOR, GRANADA SPAIN
15774880, SYSTEMITS, KANAZAWA
16060889, SAPPY, 
16285429, ZURIEFLYS, 
16500570, JULIAMCWATT, CARDIFF
16597579, THEPECK, PHNOM PENH CAMBODIA
16821586, CATHJAM, AFGHANISTAN
16861717, FLYSFOOL, NJ
16980814, DESIGNEDBYLISA, 
17602017, LIZZYFIZZY, 
17989391, MCLJO, SP ZS
18359729, MARYYDIXONN, GEORGIA
